email,newPassword,shippingAddress
perf0001@hw05.local,Perf0001!,1 Duong So 2 - Quan 3 - TP.HCM
perf0002@hw05.local,Perf0002!,2 Duong So 3 - Quan 5 - TP.HCM
perf0003@hw05.local,Perf0003!,3 Duong So 4 - Quan 7 - TP.HCM
perf0004@hw05.local,Perf0004!,4 Duong So 5 - Quan 10 - TP.HCM
perf0005@hw05.local,Perf0005!,5 Duong So 6 - Quan Binh Thanh - TP.HCM
perf0006@hw05.local,Perf0006!,6 Duong So 7 - Quan Phu Nhuan - TP.HCM
perf0007@hw05.local,Perf0007!,7 Duong So 8 - Quan Go Vap - TP.HCM
perf0008@hw05.local,Perf0008!,8 Duong So 9 - TP Thu Duc - TP.HCM
perf0009@hw05.local,Perf0009!,9 Duong So 10 - Quan Tan Binh - TP.HCM
perf0010@hw05.local,Perf0010!,10 Duong So 11 - Quan 1 - TP.HCM
perf0011@hw05.local,Perf0011!,11 Duong So 12 - Quan 3 - TP.HCM
perf0012@hw05.local,Perf0012!,12 Duong So 13 - Quan 5 - TP.HCM
perf0013@hw05.local,Perf0013!,13 Duong So 14 - Quan 7 - TP.HCM
perf0014@hw05.local,Perf0014!,14 Duong So 15 - Quan 10 - TP.HCM
perf0015@hw05.local,Perf0015!,15 Duong So 16 - Quan Binh Thanh - TP.HCM
perf0016@hw05.local,Perf0016!,16 Duong So 17 - Quan Phu Nhuan - TP.HCM
perf0017@hw05.local,Perf0017!,17 Duong So 18 - Quan Go Vap - TP.HCM
perf0018@hw05.local,Perf0018!,18 Duong So 19 - TP Thu Duc - TP.HCM
perf0019@hw05.local,Perf0019!,19 Duong So 20 - Quan Tan Binh - TP.HCM
perf0020@hw05.local,Perf0020!,20 Duong So 21 - Quan 1 - TP.HCM
perf0021@hw05.local,Perf0021!,21 Duong So 22 - Quan 3 - TP.HCM
perf0022@hw05.local,Perf0022!,22 Duong So 23 - Quan 5 - TP.HCM
perf0023@hw05.local,Perf0023!,23 Duong So 24 - Quan 7 - TP.HCM
perf0024@hw05.local,Perf0024!,24 Duong So 25 - Quan 10 - TP.HCM
perf0025@hw05.local,Perf0025!,25 Duong So 26 - Quan Binh Thanh - TP.HCM
perf0026@hw05.local,Perf0026!,26 Duong So 27 - Quan Phu Nhuan - TP.HCM
perf0027@hw05.local,Perf0027!,27 Duong So 28 - Quan Go Vap - TP.HCM
perf0028@hw05.local,Perf0028!,28 Duong So 29 - TP Thu Duc - TP.HCM
perf0029@hw05.local,Perf0029!,29 Duong So 30 - Quan Tan Binh - TP.HCM
perf0030@hw05.local,Perf0030!,30 Duong So 31 - Quan 1 - TP.HCM
perf0031@hw05.local,Perf0031!,31 Duong So 32 - Quan 3 - TP.HCM
perf0032@hw05.local,Perf0032!,32 Duong So 33 - Quan 5 - TP.HCM
perf0033@hw05.local,Perf0033!,33 Duong So 34 - Quan 7 - TP.HCM
perf0034@hw05.local,Perf0034!,34 Duong So 35 - Quan 10 - TP.HCM
perf0035@hw05.local,Perf0035!,35 Duong So 36 - Quan Binh Thanh - TP.HCM
perf0036@hw05.local,Perf0036!,36 Duong So 37 - Quan Phu Nhuan - TP.HCM
perf0037@hw05.local,Perf0037!,37 Duong So 38 - Quan Go Vap - TP.HCM
perf0038@hw05.local,Perf0038!,38 Duong So 39 - TP Thu Duc - TP.HCM
perf0039@hw05.local,Perf0039!,39 Duong So 40 - Quan Tan Binh - TP.HCM
perf0040@hw05.local,Perf0040!,40 Duong So 41 - Quan 1 - TP.HCM
perf0041@hw05.local,Perf0041!,41 Duong So 42 - Quan 3 - TP.HCM
perf0042@hw05.local,Perf0042!,42 Duong So 43 - Quan 5 - TP.HCM
perf0043@hw05.local,Perf0043!,43 Duong So 44 - Quan 7 - TP.HCM
perf0044@hw05.local,Perf0044!,44 Duong So 45 - Quan 10 - TP.HCM
perf0045@hw05.local,Perf0045!,45 Duong So 46 - Quan Binh Thanh - TP.HCM
perf0046@hw05.local,Perf0046!,46 Duong So 47 - Quan Phu Nhuan - TP.HCM
perf0047@hw05.local,Perf0047!,47 Duong So 48 - Quan Go Vap - TP.HCM
perf0048@hw05.local,Perf0048!,48 Duong So 49 - TP Thu Duc - TP.HCM
perf0049@hw05.local,Perf0049!,49 Duong So 50 - Quan Tan Binh - TP.HCM
perf0050@hw05.local,Perf0050!,50 Duong So 1 - Quan 1 - TP.HCM
perf0051@hw05.local,Perf0051!,51 Duong So 2 - Quan 3 - TP.HCM
perf0052@hw05.local,Perf0052!,52 Duong So 3 - Quan 5 - TP.HCM
perf0053@hw05.local,Perf0053!,53 Duong So 4 - Quan 7 - TP.HCM
perf0054@hw05.local,Perf0054!,54 Duong So 5 - Quan 10 - TP.HCM
perf0055@hw05.local,Perf0055!,55 Duong So 6 - Quan Binh Thanh - TP.HCM
perf0056@hw05.local,Perf0056!,56 Duong So 7 - Quan Phu Nhuan - TP.HCM
perf0057@hw05.local,Perf0057!,57 Duong So 8 - Quan Go Vap - TP.HCM
perf0058@hw05.local,Perf0058!,58 Duong So 9 - TP Thu Duc - TP.HCM
perf0059@hw05.local,Perf0059!,59 Duong So 10 - Quan Tan Binh - TP.HCM
perf0060@hw05.local,Perf0060!,60 Duong So 11 - Quan 1 - TP.HCM
perf0061@hw05.local,Perf0061!,61 Duong So 12 - Quan 3 - TP.HCM
perf0062@hw05.local,Perf0062!,62 Duong So 13 - Quan 5 - TP.HCM
perf0063@hw05.local,Perf0063!,63 Duong So 14 - Quan 7 - TP.HCM
perf0064@hw05.local,Perf0064!,64 Duong So 15 - Quan 10 - TP.HCM
perf0065@hw05.local,Perf0065!,65 Duong So 16 - Quan Binh Thanh - TP.HCM
perf0066@hw05.local,Perf0066!,66 Duong So 17 - Quan Phu Nhuan - TP.HCM
perf0067@hw05.local,Perf0067!,67 Duong So 18 - Quan Go Vap - TP.HCM
perf0068@hw05.local,Perf0068!,68 Duong So 19 - TP Thu Duc - TP.HCM
perf0069@hw05.local,Perf0069!,69 Duong So 20 - Quan Tan Binh - TP.HCM
perf0070@hw05.local,Perf0070!,70 Duong So 21 - Quan 1 - TP.HCM
perf0071@hw05.local,Perf0071!,71 Duong So 22 - Quan 3 - TP.HCM
perf0072@hw05.local,Perf0072!,72 Duong So 23 - Quan 5 - TP.HCM
perf0073@hw05.local,Perf0073!,73 Duong So 24 - Quan 7 - TP.HCM
perf0074@hw05.local,Perf0074!,74 Duong So 25 - Quan 10 - TP.HCM
perf0075@hw05.local,Perf0075!,75 Duong So 26 - Quan Binh Thanh - TP.HCM
perf0076@hw05.local,Perf0076!,76 Duong So 27 - Quan Phu Nhuan - TP.HCM
perf0077@hw05.local,Perf0077!,77 Duong So 28 - Quan Go Vap - TP.HCM
perf0078@hw05.local,Perf0078!,78 Duong So 29 - TP Thu Duc - TP.HCM
perf0079@hw05.local,Perf0079!,79 Duong So 30 - Quan Tan Binh - TP.HCM
perf0080@hw05.local,Perf0080!,80 Duong So 31 - Quan 1 - TP.HCM
perf0081@hw05.local,Perf0081!,81 Duong So 32 - Quan 3 - TP.HCM
perf0082@hw05.local,Perf0082!,82 Duong So 33 - Quan 5 - TP.HCM
perf0083@hw05.local,Perf0083!,83 Duong So 34 - Quan 7 - TP.HCM
perf0084@hw05.local,Perf0084!,84 Duong So 35 - Quan 10 - TP.HCM
perf0085@hw05.local,Perf0085!,85 Duong So 36 - Quan Binh Thanh - TP.HCM
perf0086@hw05.local,Perf0086!,86 Duong So 37 - Quan Phu Nhuan - TP.HCM
perf0087@hw05.local,Perf0087!,87 Duong So 38 - Quan Go Vap - TP.HCM
perf0088@hw05.local,Perf0088!,88 Duong So 39 - TP Thu Duc - TP.HCM
perf0089@hw05.local,Perf0089!,89 Duong So 40 - Quan Tan Binh - TP.HCM
perf0090@hw05.local,Perf0090!,90 Duong So 41 - Quan 1 - TP.HCM
perf0091@hw05.local,Perf0091!,91 Duong So 42 - Quan 3 - TP.HCM
perf0092@hw05.local,Perf0092!,92 Duong So 43 - Quan 5 - TP.HCM
perf0093@hw05.local,Perf0093!,93 Duong So 44 - Quan 7 - TP.HCM
perf0094@hw05.local,Perf0094!,94 Duong So 45 - Quan 10 - TP.HCM
perf0095@hw05.local,Perf0095!,95 Duong So 46 - Quan Binh Thanh - TP.HCM
perf0096@hw05.local,Perf0096!,96 Duong So 47 - Quan Phu Nhuan - TP.HCM
perf0097@hw05.local,Perf0097!,97 Duong So 48 - Quan Go Vap - TP.HCM
perf0098@hw05.local,Perf0098!,98 Duong So 49 - TP Thu Duc - TP.HCM
perf0099@hw05.local,Perf0099!,99 Duong So 50 - Quan Tan Binh - TP.HCM
perf0100@hw05.local,Perf0100!,100 Duong So 1 - Quan 1 - TP.HCM
perf0101@hw05.local,Perf0101!,101 Duong So 2 - Quan 3 - TP.HCM
perf0102@hw05.local,Perf0102!,102 Duong So 3 - Quan 5 - TP.HCM
perf0103@hw05.local,Perf0103!,103 Duong So 4 - Quan 7 - TP.HCM
perf0104@hw05.local,Perf0104!,104 Duong So 5 - Quan 10 - TP.HCM
perf0105@hw05.local,Perf0105!,105 Duong So 6 - Quan Binh Thanh - TP.HCM
perf0106@hw05.local,Perf0106!,106 Duong So 7 - Quan Phu Nhuan - TP.HCM
perf0107@hw05.local,Perf0107!,107 Duong So 8 - Quan Go Vap - TP.HCM
perf0108@hw05.local,Perf0108!,108 Duong So 9 - TP Thu Duc - TP.HCM
perf0109@hw05.local,Perf0109!,109 Duong So 10 - Quan Tan Binh - TP.HCM
perf0110@hw05.local,Perf0110!,110 Duong So 11 - Quan 1 - TP.HCM
perf0111@hw05.local,Perf0111!,111 Duong So 12 - Quan 3 - TP.HCM
perf0112@hw05.local,Perf0112!,112 Duong So 13 - Quan 5 - TP.HCM
perf0113@hw05.local,Perf0113!,113 Duong So 14 - Quan 7 - TP.HCM
perf0114@hw05.local,Perf0114!,114 Duong So 15 - Quan 10 - TP.HCM
perf0115@hw05.local,Perf0115!,115 Duong So 16 - Quan Binh Thanh - TP.HCM
perf0116@hw05.local,Perf0116!,116 Duong So 17 - Quan Phu Nhuan - TP.HCM
perf0117@hw05.local,Perf0117!,117 Duong So 18 - Quan Go Vap - TP.HCM
perf0118@hw05.local,Perf0118!,118 Duong So 19 - TP Thu Duc - TP.HCM
perf0119@hw05.local,Perf0119!,119 Duong So 20 - Quan Tan Binh - TP.HCM
perf0120@hw05.local,Perf0120!,120 Duong So 21 - Quan 1 - TP.HCM
perf0121@hw05.local,Perf0121!,121 Duong So 22 - Quan 3 - TP.HCM
perf0122@hw05.local,Perf0122!,122 Duong So 23 - Quan 5 - TP.HCM
perf0123@hw05.local,Perf0123!,123 Duong So 24 - Quan 7 - TP.HCM
perf0124@hw05.local,Perf0124!,124 Duong So 25 - Quan 10 - TP.HCM
perf0125@hw05.local,Perf0125!,125 Duong So 26 - Quan Binh Thanh - TP.HCM
perf0126@hw05.local,Perf0126!,126 Duong So 27 - Quan Phu Nhuan - TP.HCM
perf0127@hw05.local,Perf0127!,127 Duong So 28 - Quan Go Vap - TP.HCM
perf0128@hw05.local,Perf0128!,128 Duong So 29 - TP Thu Duc - TP.HCM
perf0129@hw05.local,Perf0129!,129 Duong So 30 - Quan Tan Binh - TP.HCM
perf0130@hw05.local,Perf0130!,130 Duong So 31 - Quan 1 - TP.HCM
perf0131@hw05.local,Perf0131!,131 Duong So 32 - Quan 3 - TP.HCM
perf0132@hw05.local,Perf0132!,132 Duong So 33 - Quan 5 - TP.HCM
perf0133@hw05.local,Perf0133!,133 Duong So 34 - Quan 7 - TP.HCM
perf0134@hw05.local,Perf0134!,134 Duong So 35 - Quan 10 - TP.HCM
perf0135@hw05.local,Perf0135!,135 Duong So 36 - Quan Binh Thanh - TP.HCM
perf0136@hw05.local,Perf0136!,136 Duong So 37 - Quan Phu Nhuan - TP.HCM
perf0137@hw05.local,Perf0137!,137 Duong So 38 - Quan Go Vap - TP.HCM
perf0138@hw05.local,Perf0138!,138 Duong So 39 - TP Thu Duc - TP.HCM
perf0139@hw05.local,Perf0139!,139 Duong So 40 - Quan Tan Binh - TP.HCM
perf0140@hw05.local,Perf0140!,140 Duong So 41 - Quan 1 - TP.HCM
perf0141@hw05.local,Perf0141!,141 Duong So 42 - Quan 3 - TP.HCM
perf0142@hw05.local,Perf0142!,142 Duong So 43 - Quan 5 - TP.HCM
perf0143@hw05.local,Perf0143!,143 Duong So 44 - Quan 7 - TP.HCM
perf0144@hw05.local,Perf0144!,144 Duong So 45 - Quan 10 - TP.HCM
perf0145@hw05.local,Perf0145!,145 Duong So 46 - Quan Binh Thanh - TP.HCM
perf0146@hw05.local,Perf0146!,146 Duong So 47 - Quan Phu Nhuan - TP.HCM
perf0147@hw05.local,Perf0147!,147 Duong So 48 - Quan Go Vap - TP.HCM
perf0148@hw05.local,Perf0148!,148 Duong So 49 - TP Thu Duc - TP.HCM
perf0149@hw05.local,Perf0149!,149 Duong So 50 - Quan Tan Binh - TP.HCM
perf0150@hw05.local,Perf0150!,150 Duong So 1 - Quan 1 - TP.HCM
perf0151@hw05.local,Perf0151!,151 Duong So 2 - Quan 3 - TP.HCM
perf0152@hw05.local,Perf0152!,152 Duong So 3 - Quan 5 - TP.HCM
perf0153@hw05.local,Perf0153!,153 Duong So 4 - Quan 7 - TP.HCM
perf0154@hw05.local,Perf0154!,154 Duong So 5 - Quan 10 - TP.HCM
perf0155@hw05.local,Perf0155!,155 Duong So 6 - Quan Binh Thanh - TP.HCM
perf0156@hw05.local,Perf0156!,156 Duong So 7 - Quan Phu Nhuan - TP.HCM
perf0157@hw05.local,Perf0157!,157 Duong So 8 - Quan Go Vap - TP.HCM
perf0158@hw05.local,Perf0158!,158 Duong So 9 - TP Thu Duc - TP.HCM
perf0159@hw05.local,Perf0159!,159 Duong So 10 - Quan Tan Binh - TP.HCM
perf0160@hw05.local,Perf0160!,160 Duong So 11 - Quan 1 - TP.HCM
perf0161@hw05.local,Perf0161!,161 Duong So 12 - Quan 3 - TP.HCM
perf0162@hw05.local,Perf0162!,162 Duong So 13 - Quan 5 - TP.HCM
perf0163@hw05.local,Perf0163!,163 Duong So 14 - Quan 7 - TP.HCM
perf0164@hw05.local,Perf0164!,164 Duong So 15 - Quan 10 - TP.HCM
perf0165@hw05.local,Perf0165!,165 Duong So 16 - Quan Binh Thanh - TP.HCM
perf0166@hw05.local,Perf0166!,166 Duong So 17 - Quan Phu Nhuan - TP.HCM
perf0167@hw05.local,Perf0167!,167 Duong So 18 - Quan Go Vap - TP.HCM
perf0168@hw05.local,Perf0168!,168 Duong So 19 - TP Thu Duc - TP.HCM
perf0169@hw05.local,Perf0169!,169 Duong So 20 - Quan Tan Binh - TP.HCM
perf0170@hw05.local,Perf0170!,170 Duong So 21 - Quan 1 - TP.HCM
perf0171@hw05.local,Perf0171!,171 Duong So 22 - Quan 3 - TP.HCM
perf0172@hw05.local,Perf0172!,172 Duong So 23 - Quan 5 - TP.HCM
perf0173@hw05.local,Perf0173!,173 Duong So 24 - Quan 7 - TP.HCM
perf0174@hw05.local,Perf0174!,174 Duong So 25 - Quan 10 - TP.HCM
perf0175@hw05.local,Perf0175!,175 Duong So 26 - Quan Binh Thanh - TP.HCM
perf0176@hw05.local,Perf0176!,176 Duong So 27 - Quan Phu Nhuan - TP.HCM
perf0177@hw05.local,Perf0177!,177 Duong So 28 - Quan Go Vap - TP.HCM
perf0178@hw05.local,Perf0178!,178 Duong So 29 - TP Thu Duc - TP.HCM
perf0179@hw05.local,Perf0179!,179 Duong So 30 - Quan Tan Binh - TP.HCM
perf0180@hw05.local,Perf0180!,180 Duong So 31 - Quan 1 - TP.HCM
perf0181@hw05.local,Perf0181!,181 Duong So 32 - Quan 3 - TP.HCM
perf0182@hw05.local,Perf0182!,182 Duong So 33 - Quan 5 - TP.HCM
perf0183@hw05.local,Perf0183!,183 Duong So 34 - Quan 7 - TP.HCM
perf0184@hw05.local,Perf0184!,184 Duong So 35 - Quan 10 - TP.HCM
perf0185@hw05.local,Perf0185!,185 Duong So 36 - Quan Binh Thanh - TP.HCM
perf0186@hw05.local,Perf0186!,186 Duong So 37 - Quan Phu Nhuan - TP.HCM
perf0187@hw05.local,Perf0187!,187 Duong So 38 - Quan Go Vap - TP.HCM
perf0188@hw05.local,Perf0188!,188 Duong So 39 - TP Thu Duc - TP.HCM
perf0189@hw05.local,Perf0189!,189 Duong So 40 - Quan Tan Binh - TP.HCM
perf0190@hw05.local,Perf0190!,190 Duong So 41 - Quan 1 - TP.HCM
perf0191@hw05.local,Perf0191!,191 Duong So 42 - Quan 3 - TP.HCM
perf0192@hw05.local,Perf0192!,192 Duong So 43 - Quan 5 - TP.HCM
perf0193@hw05.local,Perf0193!,193 Duong So 44 - Quan 7 - TP.HCM
perf0194@hw05.local,Perf0194!,194 Duong So 45 - Quan 10 - TP.HCM
perf0195@hw05.local,Perf0195!,195 Duong So 46 - Quan Binh Thanh - TP.HCM
perf0196@hw05.local,Perf0196!,196 Duong So 47 - Quan Phu Nhuan - TP.HCM
perf0197@hw05.local,Perf0197!,197 Duong So 48 - Quan Go Vap - TP.HCM
perf0198@hw05.local,Perf0198!,198 Duong So 49 - TP Thu Duc - TP.HCM
perf0199@hw05.local,Perf0199!,199 Duong So 50 - Quan Tan Binh - TP.HCM
perf0200@hw05.local,Perf0200!,200 Duong So 1 - Quan 1 - TP.HCM
perf0201@hw05.local,Perf0201!,201 Duong So 2 - Quan 3 - TP.HCM
perf0202@hw05.local,Perf0202!,202 Duong So 3 - Quan 5 - TP.HCM
perf0203@hw05.local,Perf0203!,203 Duong So 4 - Quan 7 - TP.HCM
perf0204@hw05.local,Perf0204!,204 Duong So 5 - Quan 10 - TP.HCM
perf0205@hw05.local,Perf0205!,205 Duong So 6 - Quan Binh Thanh - TP.HCM
perf0206@hw05.local,Perf0206!,206 Duong So 7 - Quan Phu Nhuan - TP.HCM
perf0207@hw05.local,Perf0207!,207 Duong So 8 - Quan Go Vap - TP.HCM
perf0208@hw05.local,Perf0208!,208 Duong So 9 - TP Thu Duc - TP.HCM
perf0209@hw05.local,Perf0209!,209 Duong So 10 - Quan Tan Binh - TP.HCM
perf0210@hw05.local,Perf0210!,210 Duong So 11 - Quan 1 - TP.HCM
perf0211@hw05.local,Perf0211!,211 Duong So 12 - Quan 3 - TP.HCM
perf0212@hw05.local,Perf0212!,212 Duong So 13 - Quan 5 - TP.HCM
perf0213@hw05.local,Perf0213!,213 Duong So 14 - Quan 7 - TP.HCM
perf0214@hw05.local,Perf0214!,214 Duong So 15 - Quan 10 - TP.HCM
perf0215@hw05.local,Perf0215!,215 Duong So 16 - Quan Binh Thanh - TP.HCM
perf0216@hw05.local,Perf0216!,216 Duong So 17 - Quan Phu Nhuan - TP.HCM
perf0217@hw05.local,Perf0217!,217 Duong So 18 - Quan Go Vap - TP.HCM
perf0218@hw05.local,Perf0218!,218 Duong So 19 - TP Thu Duc - TP.HCM
perf0219@hw05.local,Perf0219!,219 Duong So 20 - Quan Tan Binh - TP.HCM
perf0220@hw05.local,Perf0220!,220 Duong So 21 - Quan 1 - TP.HCM
perf0221@hw05.local,Perf0221!,221 Duong So 22 - Quan 3 - TP.HCM
perf0222@hw05.local,Perf0222!,222 Duong So 23 - Quan 5 - TP.HCM
perf0223@hw05.local,Perf0223!,223 Duong So 24 - Quan 7 - TP.HCM
perf0224@hw05.local,Perf0224!,224 Duong So 25 - Quan 10 - TP.HCM
perf0225@hw05.local,Perf0225!,225 Duong So 26 - Quan Binh Thanh - TP.HCM
perf0226@hw05.local,Perf0226!,226 Duong So 27 - Quan Phu Nhuan - TP.HCM
perf0227@hw05.local,Perf0227!,227 Duong So 28 - Quan Go Vap - TP.HCM
perf0228@hw05.local,Perf0228!,228 Duong So 29 - TP Thu Duc - TP.HCM
perf0229@hw05.local,Perf0229!,229 Duong So 30 - Quan Tan Binh - TP.HCM
perf0230@hw05.local,Perf0230!,230 Duong So 31 - Quan 1 - TP.HCM
perf0231@hw05.local,Perf0231!,231 Duong So 32 - Quan 3 - TP.HCM
perf0232@hw05.local,Perf0232!,232 Duong So 33 - Quan 5 - TP.HCM
perf0233@hw05.local,Perf0233!,233 Duong So 34 - Quan 7 - TP.HCM
perf0234@hw05.local,Perf0234!,234 Duong So 35 - Quan 10 - TP.HCM
perf0235@hw05.local,Perf0235!,235 Duong So 36 - Quan Binh Thanh - TP.HCM
perf0236@hw05.local,Perf0236!,236 Duong So 37 - Quan Phu Nhuan - TP.HCM
perf0237@hw05.local,Perf0237!,237 Duong So 38 - Quan Go Vap - TP.HCM
perf0238@hw05.local,Perf0238!,238 Duong So 39 - TP Thu Duc - TP.HCM
perf0239@hw05.local,Perf0239!,239 Duong So 40 - Quan Tan Binh - TP.HCM
perf0240@hw05.local,Perf0240!,240 Duong So 41 - Quan 1 - TP.HCM
perf0241@hw05.local,Perf0241!,241 Duong So 42 - Quan 3 - TP.HCM
perf0242@hw05.local,Perf0242!,242 Duong So 43 - Quan 5 - TP.HCM
perf0243@hw05.local,Perf0243!,243 Duong So 44 - Quan 7 - TP.HCM
perf0244@hw05.local,Perf0244!,244 Duong So 45 - Quan 10 - TP.HCM
perf0245@hw05.local,Perf0245!,245 Duong So 46 - Quan Binh Thanh - TP.HCM
perf0246@hw05.local,Perf0246!,246 Duong So 47 - Quan Phu Nhuan - TP.HCM
perf0247@hw05.local,Perf0247!,247 Duong So 48 - Quan Go Vap - TP.HCM
perf0248@hw05.local,Perf0248!,248 Duong So 49 - TP Thu Duc - TP.HCM
perf0249@hw05.local,Perf0249!,249 Duong So 50 - Quan Tan Binh - TP.HCM
perf0250@hw05.local,Perf0250!,250 Duong So 1 - Quan 1 - TP.HCM
perf0251@hw05.local,Perf0251!,251 Duong So 2 - Quan 3 - TP.HCM
perf0252@hw05.local,Perf0252!,252 Duong So 3 - Quan 5 - TP.HCM
perf0253@hw05.local,Perf0253!,253 Duong So 4 - Quan 7 - TP.HCM
perf0254@hw05.local,Perf0254!,254 Duong So 5 - Quan 10 - TP.HCM
perf0255@hw05.local,Perf0255!,255 Duong So 6 - Quan Binh Thanh - TP.HCM
perf0256@hw05.local,Perf0256!,256 Duong So 7 - Quan Phu Nhuan - TP.HCM
perf0257@hw05.local,Perf0257!,257 Duong So 8 - Quan Go Vap - TP.HCM
perf0258@hw05.local,Perf0258!,258 Duong So 9 - TP Thu Duc - TP.HCM
perf0259@hw05.local,Perf0259!,259 Duong So 10 - Quan Tan Binh - TP.HCM
perf0260@hw05.local,Perf0260!,260 Duong So 11 - Quan 1 - TP.HCM
perf0261@hw05.local,Perf0261!,261 Duong So 12 - Quan 3 - TP.HCM
perf0262@hw05.local,Perf0262!,262 Duong So 13 - Quan 5 - TP.HCM
perf0263@hw05.local,Perf0263!,263 Duong So 14 - Quan 7 - TP.HCM
perf0264@hw05.local,Perf0264!,264 Duong So 15 - Quan 10 - TP.HCM
perf0265@hw05.local,Perf0265!,265 Duong So 16 - Quan Binh Thanh - TP.HCM
perf0266@hw05.local,Perf0266!,266 Duong So 17 - Quan Phu Nhuan - TP.HCM
perf0267@hw05.local,Perf0267!,267 Duong So 18 - Quan Go Vap - TP.HCM
perf0268@hw05.local,Perf0268!,268 Duong So 19 - TP Thu Duc - TP.HCM
perf0269@hw05.local,Perf0269!,269 Duong So 20 - Quan Tan Binh - TP.HCM
perf0270@hw05.local,Perf0270!,270 Duong So 21 - Quan 1 - TP.HCM
perf0271@hw05.local,Perf0271!,271 Duong So 22 - Quan 3 - TP.HCM
perf0272@hw05.local,Perf0272!,272 Duong So 23 - Quan 5 - TP.HCM
perf0273@hw05.local,Perf0273!,273 Duong So 24 - Quan 7 - TP.HCM
perf0274@hw05.local,Perf0274!,274 Duong So 25 - Quan 10 - TP.HCM
perf0275@hw05.local,Perf0275!,275 Duong So 26 - Quan Binh Thanh - TP.HCM
perf0276@hw05.local,Perf0276!,276 Duong So 27 - Quan Phu Nhuan - TP.HCM
perf0277@hw05.local,Perf0277!,277 Duong So 28 - Quan Go Vap - TP.HCM
perf0278@hw05.local,Perf0278!,278 Duong So 29 - TP Thu Duc - TP.HCM
perf0279@hw05.local,Perf0279!,279 Duong So 30 - Quan Tan Binh - TP.HCM
perf0280@hw05.local,Perf0280!,280 Duong So 31 - Quan 1 - TP.HCM
perf0281@hw05.local,Perf0281!,281 Duong So 32 - Quan 3 - TP.HCM
perf0282@hw05.local,Perf0282!,282 Duong So 33 - Quan 5 - TP.HCM
perf0283@hw05.local,Perf0283!,283 Duong So 34 - Quan 7 - TP.HCM
perf0284@hw05.local,Perf0284!,284 Duong So 35 - Quan 10 - TP.HCM
perf0285@hw05.local,Perf0285!,285 Duong So 36 - Quan Binh Thanh - TP.HCM
perf0286@hw05.local,Perf0286!,286 Duong So 37 - Quan Phu Nhuan - TP.HCM
perf0287@hw05.local,Perf0287!,287 Duong So 38 - Quan Go Vap - TP.HCM
perf0288@hw05.local,Perf0288!,288 Duong So 39 - TP Thu Duc - TP.HCM
perf0289@hw05.local,Perf0289!,289 Duong So 40 - Quan Tan Binh - TP.HCM
perf0290@hw05.local,Perf0290!,290 Duong So 41 - Quan 1 - TP.HCM
perf0291@hw05.local,Perf0291!,291 Duong So 42 - Quan 3 - TP.HCM
perf0292@hw05.local,Perf0292!,292 Duong So 43 - Quan 5 - TP.HCM
perf0293@hw05.local,Perf0293!,293 Duong So 44 - Quan 7 - TP.HCM
perf0294@hw05.local,Perf0294!,294 Duong So 45 - Quan 10 - TP.HCM
perf0295@hw05.local,Perf0295!,295 Duong So 46 - Quan Binh Thanh - TP.HCM
perf0296@hw05.local,Perf0296!,296 Duong So 47 - Quan Phu Nhuan - TP.HCM
perf0297@hw05.local,Perf0297!,297 Duong So 48 - Quan Go Vap - TP.HCM
perf0298@hw05.local,Perf0298!,298 Duong So 49 - TP Thu Duc - TP.HCM
perf0299@hw05.local,Perf0299!,299 Duong So 50 - Quan Tan Binh - TP.HCM
perf0300@hw05.local,Perf0300!,300 Duong So 1 - Quan 1 - TP.HCM
perf0301@hw05.local,Perf0301!,301 Duong So 2 - Quan 3 - TP.HCM
perf0302@hw05.local,Perf0302!,302 Duong So 3 - Quan 5 - TP.HCM
perf0303@hw05.local,Perf0303!,303 Duong So 4 - Quan 7 - TP.HCM
perf0304@hw05.local,Perf0304!,304 Duong So 5 - Quan 10 - TP.HCM
perf0305@hw05.local,Perf0305!,305 Duong So 6 - Quan Binh Thanh - TP.HCM
perf0306@hw05.local,Perf0306!,306 Duong So 7 - Quan Phu Nhuan - TP.HCM
perf0307@hw05.local,Perf0307!,307 Duong So 8 - Quan Go Vap - TP.HCM
perf0308@hw05.local,Perf0308!,308 Duong So 9 - TP Thu Duc - TP.HCM
perf0309@hw05.local,Perf0309!,309 Duong So 10 - Quan Tan Binh - TP.HCM
perf0310@hw05.local,Perf0310!,310 Duong So 11 - Quan 1 - TP.HCM
perf0311@hw05.local,Perf0311!,311 Duong So 12 - Quan 3 - TP.HCM
perf0312@hw05.local,Perf0312!,312 Duong So 13 - Quan 5 - TP.HCM
perf0313@hw05.local,Perf0313!,313 Duong So 14 - Quan 7 - TP.HCM
perf0314@hw05.local,Perf0314!,314 Duong So 15 - Quan 10 - TP.HCM
perf0315@hw05.local,Perf0315!,315 Duong So 16 - Quan Binh Thanh - TP.HCM
perf0316@hw05.local,Perf0316!,316 Duong So 17 - Quan Phu Nhuan - TP.HCM
perf0317@hw05.local,Perf0317!,317 Duong So 18 - Quan Go Vap - TP.HCM
perf0318@hw05.local,Perf0318!,318 Duong So 19 - TP Thu Duc - TP.HCM
perf0319@hw05.local,Perf0319!,319 Duong So 20 - Quan Tan Binh - TP.HCM
perf0320@hw05.local,Perf0320!,320 Duong So 21 - Quan 1 - TP.HCM
perf0321@hw05.local,Perf0321!,321 Duong So 22 - Quan 3 - TP.HCM
perf0322@hw05.local,Perf0322!,322 Duong So 23 - Quan 5 - TP.HCM
perf0323@hw05.local,Perf0323!,323 Duong So 24 - Quan 7 - TP.HCM
perf0324@hw05.local,Perf0324!,324 Duong So 25 - Quan 10 - TP.HCM
perf0325@hw05.local,Perf0325!,325 Duong So 26 - Quan Binh Thanh - TP.HCM
perf0326@hw05.local,Perf0326!,326 Duong So 27 - Quan Phu Nhuan - TP.HCM
perf0327@hw05.local,Perf0327!,327 Duong So 28 - Quan Go Vap - TP.HCM
perf0328@hw05.local,Perf0328!,328 Duong So 29 - TP Thu Duc - TP.HCM
perf0329@hw05.local,Perf0329!,329 Duong So 30 - Quan Tan Binh - TP.HCM
perf0330@hw05.local,Perf0330!,330 Duong So 31 - Quan 1 - TP.HCM
perf0331@hw05.local,Perf0331!,331 Duong So 32 - Quan 3 - TP.HCM
perf0332@hw05.local,Perf0332!,332 Duong So 33 - Quan 5 - TP.HCM
perf0333@hw05.local,Perf0333!,333 Duong So 34 - Quan 7 - TP.HCM
perf0334@hw05.local,Perf0334!,334 Duong So 35 - Quan 10 - TP.HCM
perf0335@hw05.local,Perf0335!,335 Duong So 36 - Quan Binh Thanh - TP.HCM
perf0336@hw05.local,Perf0336!,336 Duong So 37 - Quan Phu Nhuan - TP.HCM
perf0337@hw05.local,Perf0337!,337 Duong So 38 - Quan Go Vap - TP.HCM
perf0338@hw05.local,Perf0338!,338 Duong So 39 - TP Thu Duc - TP.HCM
perf0339@hw05.local,Perf0339!,339 Duong So 40 - Quan Tan Binh - TP.HCM
perf0340@hw05.local,Perf0340!,340 Duong So 41 - Quan 1 - TP.HCM
perf0341@hw05.local,Perf0341!,341 Duong So 42 - Quan 3 - TP.HCM
perf0342@hw05.local,Perf0342!,342 Duong So 43 - Quan 5 - TP.HCM
perf0343@hw05.local,Perf0343!,343 Duong So 44 - Quan 7 - TP.HCM
perf0344@hw05.local,Perf0344!,344 Duong So 45 - Quan 10 - TP.HCM
perf0345@hw05.local,Perf0345!,345 Duong So 46 - Quan Binh Thanh - TP.HCM
perf0346@hw05.local,Perf0346!,346 Duong So 47 - Quan Phu Nhuan - TP.HCM
perf0347@hw05.local,Perf0347!,347 Duong So 48 - Quan Go Vap - TP.HCM
perf0348@hw05.local,Perf0348!,348 Duong So 49 - TP Thu Duc - TP.HCM
perf0349@hw05.local,Perf0349!,349 Duong So 50 - Quan Tan Binh - TP.HCM
perf0350@hw05.local,Perf0350!,350 Duong So 1 - Quan 1 - TP.HCM
perf0351@hw05.local,Perf0351!,351 Duong So 2 - Quan 3 - TP.HCM
perf0352@hw05.local,Perf0352!,352 Duong So 3 - Quan 5 - TP.HCM
perf0353@hw05.local,Perf0353!,353 Duong So 4 - Quan 7 - TP.HCM
perf0354@hw05.local,Perf0354!,354 Duong So 5 - Quan 10 - TP.HCM
perf0355@hw05.local,Perf0355!,355 Duong So 6 - Quan Binh Thanh - TP.HCM
perf0356@hw05.local,Perf0356!,356 Duong So 7 - Quan Phu Nhuan - TP.HCM
perf0357@hw05.local,Perf0357!,357 Duong So 8 - Quan Go Vap - TP.HCM
perf0358@hw05.local,Perf0358!,358 Duong So 9 - TP Thu Duc - TP.HCM
perf0359@hw05.local,Perf0359!,359 Duong So 10 - Quan Tan Binh - TP.HCM
perf0360@hw05.local,Perf0360!,360 Duong So 11 - Quan 1 - TP.HCM
perf0361@hw05.local,Perf0361!,361 Duong So 12 - Quan 3 - TP.HCM
perf0362@hw05.local,Perf0362!,362 Duong So 13 - Quan 5 - TP.HCM
perf0363@hw05.local,Perf0363!,363 Duong So 14 - Quan 7 - TP.HCM
perf0364@hw05.local,Perf0364!,364 Duong So 15 - Quan 10 - TP.HCM
perf0365@hw05.local,Perf0365!,365 Duong So 16 - Quan Binh Thanh - TP.HCM
perf0366@hw05.local,Perf0366!,366 Duong So 17 - Quan Phu Nhuan - TP.HCM
perf0367@hw05.local,Perf0367!,367 Duong So 18 - Quan Go Vap - TP.HCM
perf0368@hw05.local,Perf0368!,368 Duong So 19 - TP Thu Duc - TP.HCM
perf0369@hw05.local,Perf0369!,369 Duong So 20 - Quan Tan Binh - TP.HCM
perf0370@hw05.local,Perf0370!,370 Duong So 21 - Quan 1 - TP.HCM
perf0371@hw05.local,Perf0371!,371 Duong So 22 - Quan 3 - TP.HCM
perf0372@hw05.local,Perf0372!,372 Duong So 23 - Quan 5 - TP.HCM
perf0373@hw05.local,Perf0373!,373 Duong So 24 - Quan 7 - TP.HCM
perf0374@hw05.local,Perf0374!,374 Duong So 25 - Quan 10 - TP.HCM
perf0375@hw05.local,Perf0375!,375 Duong So 26 - Quan Binh Thanh - TP.HCM
perf0376@hw05.local,Perf0376!,376 Duong So 27 - Quan Phu Nhuan - TP.HCM
perf0377@hw05.local,Perf0377!,377 Duong So 28 - Quan Go Vap - TP.HCM
perf0378@hw05.local,Perf0378!,378 Duong So 29 - TP Thu Duc - TP.HCM
perf0379@hw05.local,Perf0379!,379 Duong So 30 - Quan Tan Binh - TP.HCM
perf0380@hw05.local,Perf0380!,380 Duong So 31 - Quan 1 - TP.HCM
perf0381@hw05.local,Perf0381!,381 Duong So 32 - Quan 3 - TP.HCM
perf0382@hw05.local,Perf0382!,382 Duong So 33 - Quan 5 - TP.HCM
perf0383@hw05.local,Perf0383!,383 Duong So 34 - Quan 7 - TP.HCM
perf0384@hw05.local,Perf0384!,384 Duong So 35 - Quan 10 - TP.HCM
perf0385@hw05.local,Perf0385!,385 Duong So 36 - Quan Binh Thanh - TP.HCM
perf0386@hw05.local,Perf0386!,386 Duong So 37 - Quan Phu Nhuan - TP.HCM
perf0387@hw05.local,Perf0387!,387 Duong So 38 - Quan Go Vap - TP.HCM
perf0388@hw05.local,Perf0388!,388 Duong So 39 - TP Thu Duc - TP.HCM
perf0389@hw05.local,Perf0389!,389 Duong So 40 - Quan Tan Binh - TP.HCM
perf0390@hw05.local,Perf0390!,390 Duong So 41 - Quan 1 - TP.HCM
perf0391@hw05.local,Perf0391!,391 Duong So 42 - Quan 3 - TP.HCM
perf0392@hw05.local,Perf0392!,392 Duong So 43 - Quan 5 - TP.HCM
perf0393@hw05.local,Perf0393!,393 Duong So 44 - Quan 7 - TP.HCM
perf0394@hw05.local,Perf0394!,394 Duong So 45 - Quan 10 - TP.HCM
perf0395@hw05.local,Perf0395!,395 Duong So 46 - Quan Binh Thanh - TP.HCM
perf0396@hw05.local,Perf0396!,396 Duong So 47 - Quan Phu Nhuan - TP.HCM
perf0397@hw05.local,Perf0397!,397 Duong So 48 - Quan Go Vap - TP.HCM
perf0398@hw05.local,Perf0398!,398 Duong So 49 - TP Thu Duc - TP.HCM
perf0399@hw05.local,Perf0399!,399 Duong So 50 - Quan Tan Binh - TP.HCM
perf0400@hw05.local,Perf0400!,400 Duong So 1 - Quan 1 - TP.HCM
perf0401@hw05.local,Perf0401!,401 Duong So 2 - Quan 3 - TP.HCM
perf0402@hw05.local,Perf0402!,402 Duong So 3 - Quan 5 - TP.HCM
perf0403@hw05.local,Perf0403!,403 Duong So 4 - Quan 7 - TP.HCM
perf0404@hw05.local,Perf0404!,404 Duong So 5 - Quan 10 - TP.HCM
perf0405@hw05.local,Perf0405!,405 Duong So 6 - Quan Binh Thanh - TP.HCM
perf0406@hw05.local,Perf0406!,406 Duong So 7 - Quan Phu Nhuan - TP.HCM
perf0407@hw05.local,Perf0407!,407 Duong So 8 - Quan Go Vap - TP.HCM
perf0408@hw05.local,Perf0408!,408 Duong So 9 - TP Thu Duc - TP.HCM
perf0409@hw05.local,Perf0409!,409 Duong So 10 - Quan Tan Binh - TP.HCM
perf0410@hw05.local,Perf0410!,410 Duong So 11 - Quan 1 - TP.HCM
perf0411@hw05.local,Perf0411!,411 Duong So 12 - Quan 3 - TP.HCM
perf0412@hw05.local,Perf0412!,412 Duong So 13 - Quan 5 - TP.HCM
perf0413@hw05.local,Perf0413!,413 Duong So 14 - Quan 7 - TP.HCM
perf0414@hw05.local,Perf0414!,414 Duong So 15 - Quan 10 - TP.HCM
perf0415@hw05.local,Perf0415!,415 Duong So 16 - Quan Binh Thanh - TP.HCM
perf0416@hw05.local,Perf0416!,416 Duong So 17 - Quan Phu Nhuan - TP.HCM
perf0417@hw05.local,Perf0417!,417 Duong So 18 - Quan Go Vap - TP.HCM
perf0418@hw05.local,Perf0418!,418 Duong So 19 - TP Thu Duc - TP.HCM
perf0419@hw05.local,Perf0419!,419 Duong So 20 - Quan Tan Binh - TP.HCM
perf0420@hw05.local,Perf0420!,420 Duong So 21 - Quan 1 - TP.HCM
perf0421@hw05.local,Perf0421!,421 Duong So 22 - Quan 3 - TP.HCM
perf0422@hw05.local,Perf0422!,422 Duong So 23 - Quan 5 - TP.HCM
perf0423@hw05.local,Perf0423!,423 Duong So 24 - Quan 7 - TP.HCM
perf0424@hw05.local,Perf0424!,424 Duong So 25 - Quan 10 - TP.HCM
perf0425@hw05.local,Perf0425!,425 Duong So 26 - Quan Binh Thanh - TP.HCM
perf0426@hw05.local,Perf0426!,426 Duong So 27 - Quan Phu Nhuan - TP.HCM
perf0427@hw05.local,Perf0427!,427 Duong So 28 - Quan Go Vap - TP.HCM
perf0428@hw05.local,Perf0428!,428 Duong So 29 - TP Thu Duc - TP.HCM
perf0429@hw05.local,Perf0429!,429 Duong So 30 - Quan Tan Binh - TP.HCM
perf0430@hw05.local,Perf0430!,430 Duong So 31 - Quan 1 - TP.HCM
perf0431@hw05.local,Perf0431!,431 Duong So 32 - Quan 3 - TP.HCM
perf0432@hw05.local,Perf0432!,432 Duong So 33 - Quan 5 - TP.HCM
perf0433@hw05.local,Perf0433!,433 Duong So 34 - Quan 7 - TP.HCM
perf0434@hw05.local,Perf0434!,434 Duong So 35 - Quan 10 - TP.HCM
perf0435@hw05.local,Perf0435!,435 Duong So 36 - Quan Binh Thanh - TP.HCM
perf0436@hw05.local,Perf0436!,436 Duong So 37 - Quan Phu Nhuan - TP.HCM
perf0437@hw05.local,Perf0437!,437 Duong So 38 - Quan Go Vap - TP.HCM
perf0438@hw05.local,Perf0438!,438 Duong So 39 - TP Thu Duc - TP.HCM
perf0439@hw05.local,Perf0439!,439 Duong So 40 - Quan Tan Binh - TP.HCM
perf0440@hw05.local,Perf0440!,440 Duong So 41 - Quan 1 - TP.HCM
perf0441@hw05.local,Perf0441!,441 Duong So 42 - Quan 3 - TP.HCM
perf0442@hw05.local,Perf0442!,442 Duong So 43 - Quan 5 - TP.HCM
perf0443@hw05.local,Perf0443!,443 Duong So 44 - Quan 7 - TP.HCM
perf0444@hw05.local,Perf0444!,444 Duong So 45 - Quan 10 - TP.HCM
perf0445@hw05.local,Perf0445!,445 Duong So 46 - Quan Binh Thanh - TP.HCM
perf0446@hw05.local,Perf0446!,446 Duong So 47 - Quan Phu Nhuan - TP.HCM
perf0447@hw05.local,Perf0447!,447 Duong So 48 - Quan Go Vap - TP.HCM
perf0448@hw05.local,Perf0448!,448 Duong So 49 - TP Thu Duc - TP.HCM
perf0449@hw05.local,Perf0449!,449 Duong So 50 - Quan Tan Binh - TP.HCM
perf0450@hw05.local,Perf0450!,450 Duong So 1 - Quan 1 - TP.HCM
perf0451@hw05.local,Perf0451!,451 Duong So 2 - Quan 3 - TP.HCM
perf0452@hw05.local,Perf0452!,452 Duong So 3 - Quan 5 - TP.HCM
perf0453@hw05.local,Perf0453!,453 Duong So 4 - Quan 7 - TP.HCM
perf0454@hw05.local,Perf0454!,454 Duong So 5 - Quan 10 - TP.HCM
perf0455@hw05.local,Perf0455!,455 Duong So 6 - Quan Binh Thanh - TP.HCM
perf0456@hw05.local,Perf0456!,456 Duong So 7 - Quan Phu Nhuan - TP.HCM
perf0457@hw05.local,Perf0457!,457 Duong So 8 - Quan Go Vap - TP.HCM
perf0458@hw05.local,Perf0458!,458 Duong So 9 - TP Thu Duc - TP.HCM
perf0459@hw05.local,Perf0459!,459 Duong So 10 - Quan Tan Binh - TP.HCM
perf0460@hw05.local,Perf0460!,460 Duong So 11 - Quan 1 - TP.HCM
perf0461@hw05.local,Perf0461!,461 Duong So 12 - Quan 3 - TP.HCM
perf0462@hw05.local,Perf0462!,462 Duong So 13 - Quan 5 - TP.HCM
perf0463@hw05.local,Perf0463!,463 Duong So 14 - Quan 7 - TP.HCM
perf0464@hw05.local,Perf0464!,464 Duong So 15 - Quan 10 - TP.HCM
perf0465@hw05.local,Perf0465!,465 Duong So 16 - Quan Binh Thanh - TP.HCM
perf0466@hw05.local,Perf0466!,466 Duong So 17 - Quan Phu Nhuan - TP.HCM
perf0467@hw05.local,Perf0467!,467 Duong So 18 - Quan Go Vap - TP.HCM
perf0468@hw05.local,Perf0468!,468 Duong So 19 - TP Thu Duc - TP.HCM
perf0469@hw05.local,Perf0469!,469 Duong So 20 - Quan Tan Binh - TP.HCM
perf0470@hw05.local,Perf0470!,470 Duong So 21 - Quan 1 - TP.HCM
perf0471@hw05.local,Perf0471!,471 Duong So 22 - Quan 3 - TP.HCM
perf0472@hw05.local,Perf0472!,472 Duong So 23 - Quan 5 - TP.HCM
perf0473@hw05.local,Perf0473!,473 Duong So 24 - Quan 7 - TP.HCM
perf0474@hw05.local,Perf0474!,474 Duong So 25 - Quan 10 - TP.HCM
perf0475@hw05.local,Perf0475!,475 Duong So 26 - Quan Binh Thanh - TP.HCM
perf0476@hw05.local,Perf0476!,476 Duong So 27 - Quan Phu Nhuan - TP.HCM
perf0477@hw05.local,Perf0477!,477 Duong So 28 - Quan Go Vap - TP.HCM
perf0478@hw05.local,Perf0478!,478 Duong So 29 - TP Thu Duc - TP.HCM
perf0479@hw05.local,Perf0479!,479 Duong So 30 - Quan Tan Binh - TP.HCM
perf0480@hw05.local,Perf0480!,480 Duong So 31 - Quan 1 - TP.HCM
perf0481@hw05.local,Perf0481!,481 Duong So 32 - Quan 3 - TP.HCM
perf0482@hw05.local,Perf0482!,482 Duong So 33 - Quan 5 - TP.HCM
perf0483@hw05.local,Perf0483!,483 Duong So 34 - Quan 7 - TP.HCM
perf0484@hw05.local,Perf0484!,484 Duong So 35 - Quan 10 - TP.HCM
perf0485@hw05.local,Perf0485!,485 Duong So 36 - Quan Binh Thanh - TP.HCM
perf0486@hw05.local,Perf0486!,486 Duong So 37 - Quan Phu Nhuan - TP.HCM
perf0487@hw05.local,Perf0487!,487 Duong So 38 - Quan Go Vap - TP.HCM
perf0488@hw05.local,Perf0488!,488 Duong So 39 - TP Thu Duc - TP.HCM
perf0489@hw05.local,Perf0489!,489 Duong So 40 - Quan Tan Binh - TP.HCM
perf0490@hw05.local,Perf0490!,490 Duong So 41 - Quan 1 - TP.HCM
perf0491@hw05.local,Perf0491!,491 Duong So 42 - Quan 3 - TP.HCM
perf0492@hw05.local,Perf0492!,492 Duong So 43 - Quan 5 - TP.HCM
perf0493@hw05.local,Perf0493!,493 Duong So 44 - Quan 7 - TP.HCM
perf0494@hw05.local,Perf0494!,494 Duong So 45 - Quan 10 - TP.HCM
perf0495@hw05.local,Perf0495!,495 Duong So 46 - Quan Binh Thanh - TP.HCM
perf0496@hw05.local,Perf0496!,496 Duong So 47 - Quan Phu Nhuan - TP.HCM
perf0497@hw05.local,Perf0497!,497 Duong So 48 - Quan Go Vap - TP.HCM
perf0498@hw05.local,Perf0498!,498 Duong So 49 - TP Thu Duc - TP.HCM
perf0499@hw05.local,Perf0499!,499 Duong So 50 - Quan Tan Binh - TP.HCM
perf0500@hw05.local,Perf0500!,500 Duong So 1 - Quan 1 - TP.HCM
perf0501@hw05.local,Perf0501!,501 Duong So 2 - Quan 3 - TP.HCM
perf0502@hw05.local,Perf0502!,502 Duong So 3 - Quan 5 - TP.HCM
perf0503@hw05.local,Perf0503!,503 Duong So 4 - Quan 7 - TP.HCM
perf0504@hw05.local,Perf0504!,504 Duong So 5 - Quan 10 - TP.HCM
perf0505@hw05.local,Perf0505!,505 Duong So 6 - Quan Binh Thanh - TP.HCM
perf0506@hw05.local,Perf0506!,506 Duong So 7 - Quan Phu Nhuan - TP.HCM
perf0507@hw05.local,Perf0507!,507 Duong So 8 - Quan Go Vap - TP.HCM
perf0508@hw05.local,Perf0508!,508 Duong So 9 - TP Thu Duc - TP.HCM
perf0509@hw05.local,Perf0509!,509 Duong So 10 - Quan Tan Binh - TP.HCM
perf0510@hw05.local,Perf0510!,510 Duong So 11 - Quan 1 - TP.HCM
perf0511@hw05.local,Perf0511!,511 Duong So 12 - Quan 3 - TP.HCM
perf0512@hw05.local,Perf0512!,512 Duong So 13 - Quan 5 - TP.HCM
perf0513@hw05.local,Perf0513!,513 Duong So 14 - Quan 7 - TP.HCM
perf0514@hw05.local,Perf0514!,514 Duong So 15 - Quan 10 - TP.HCM
perf0515@hw05.local,Perf0515!,515 Duong So 16 - Quan Binh Thanh - TP.HCM
perf0516@hw05.local,Perf0516!,516 Duong So 17 - Quan Phu Nhuan - TP.HCM
perf0517@hw05.local,Perf0517!,517 Duong So 18 - Quan Go Vap - TP.HCM
perf0518@hw05.local,Perf0518!,518 Duong So 19 - TP Thu Duc - TP.HCM
perf0519@hw05.local,Perf0519!,519 Duong So 20 - Quan Tan Binh - TP.HCM
perf0520@hw05.local,Perf0520!,520 Duong So 21 - Quan 1 - TP.HCM
perf0521@hw05.local,Perf0521!,521 Duong So 22 - Quan 3 - TP.HCM
perf0522@hw05.local,Perf0522!,522 Duong So 23 - Quan 5 - TP.HCM
perf0523@hw05.local,Perf0523!,523 Duong So 24 - Quan 7 - TP.HCM
perf0524@hw05.local,Perf0524!,524 Duong So 25 - Quan 10 - TP.HCM
perf0525@hw05.local,Perf0525!,525 Duong So 26 - Quan Binh Thanh - TP.HCM
perf0526@hw05.local,Perf0526!,526 Duong So 27 - Quan Phu Nhuan - TP.HCM
perf0527@hw05.local,Perf0527!,527 Duong So 28 - Quan Go Vap - TP.HCM
perf0528@hw05.local,Perf0528!,528 Duong So 29 - TP Thu Duc - TP.HCM
perf0529@hw05.local,Perf0529!,529 Duong So 30 - Quan Tan Binh - TP.HCM
perf0530@hw05.local,Perf0530!,530 Duong So 31 - Quan 1 - TP.HCM
perf0531@hw05.local,Perf0531!,531 Duong So 32 - Quan 3 - TP.HCM
perf0532@hw05.local,Perf0532!,532 Duong So 33 - Quan 5 - TP.HCM
perf0533@hw05.local,Perf0533!,533 Duong So 34 - Quan 7 - TP.HCM
perf0534@hw05.local,Perf0534!,534 Duong So 35 - Quan 10 - TP.HCM
perf0535@hw05.local,Perf0535!,535 Duong So 36 - Quan Binh Thanh - TP.HCM
perf0536@hw05.local,Perf0536!,536 Duong So 37 - Quan Phu Nhuan - TP.HCM
perf0537@hw05.local,Perf0537!,537 Duong So 38 - Quan Go Vap - TP.HCM
perf0538@hw05.local,Perf0538!,538 Duong So 39 - TP Thu Duc - TP.HCM
perf0539@hw05.local,Perf0539!,539 Duong So 40 - Quan Tan Binh - TP.HCM
perf0540@hw05.local,Perf0540!,540 Duong So 41 - Quan 1 - TP.HCM
perf0541@hw05.local,Perf0541!,541 Duong So 42 - Quan 3 - TP.HCM
perf0542@hw05.local,Perf0542!,542 Duong So 43 - Quan 5 - TP.HCM
perf0543@hw05.local,Perf0543!,543 Duong So 44 - Quan 7 - TP.HCM
perf0544@hw05.local,Perf0544!,544 Duong So 45 - Quan 10 - TP.HCM
perf0545@hw05.local,Perf0545!,545 Duong So 46 - Quan Binh Thanh - TP.HCM
perf0546@hw05.local,Perf0546!,546 Duong So 47 - Quan Phu Nhuan - TP.HCM
perf0547@hw05.local,Perf0547!,547 Duong So 48 - Quan Go Vap - TP.HCM
perf0548@hw05.local,Perf0548!,548 Duong So 49 - TP Thu Duc - TP.HCM
perf0549@hw05.local,Perf0549!,549 Duong So 50 - Quan Tan Binh - TP.HCM
perf0550@hw05.local,Perf0550!,550 Duong So 1 - Quan 1 - TP.HCM
perf0551@hw05.local,Perf0551!,551 Duong So 2 - Quan 3 - TP.HCM
perf0552@hw05.local,Perf0552!,552 Duong So 3 - Quan 5 - TP.HCM
perf0553@hw05.local,Perf0553!,553 Duong So 4 - Quan 7 - TP.HCM
perf0554@hw05.local,Perf0554!,554 Duong So 5 - Quan 10 - TP.HCM
perf0555@hw05.local,Perf0555!,555 Duong So 6 - Quan Binh Thanh - TP.HCM
perf0556@hw05.local,Perf0556!,556 Duong So 7 - Quan Phu Nhuan - TP.HCM
perf0557@hw05.local,Perf0557!,557 Duong So 8 - Quan Go Vap - TP.HCM
perf0558@hw05.local,Perf0558!,558 Duong So 9 - TP Thu Duc - TP.HCM
perf0559@hw05.local,Perf0559!,559 Duong So 10 - Quan Tan Binh - TP.HCM
perf0560@hw05.local,Perf0560!,560 Duong So 11 - Quan 1 - TP.HCM
perf0561@hw05.local,Perf0561!,561 Duong So 12 - Quan 3 - TP.HCM
perf0562@hw05.local,Perf0562!,562 Duong So 13 - Quan 5 - TP.HCM
perf0563@hw05.local,Perf0563!,563 Duong So 14 - Quan 7 - TP.HCM
perf0564@hw05.local,Perf0564!,564 Duong So 15 - Quan 10 - TP.HCM
perf0565@hw05.local,Perf0565!,565 Duong So 16 - Quan Binh Thanh - TP.HCM
perf0566@hw05.local,Perf0566!,566 Duong So 17 - Quan Phu Nhuan - TP.HCM
perf0567@hw05.local,Perf0567!,567 Duong So 18 - Quan Go Vap - TP.HCM
perf0568@hw05.local,Perf0568!,568 Duong So 19 - TP Thu Duc - TP.HCM
perf0569@hw05.local,Perf0569!,569 Duong So 20 - Quan Tan Binh - TP.HCM
perf0570@hw05.local,Perf0570!,570 Duong So 21 - Quan 1 - TP.HCM
perf0571@hw05.local,Perf0571!,571 Duong So 22 - Quan 3 - TP.HCM
perf0572@hw05.local,Perf0572!,572 Duong So 23 - Quan 5 - TP.HCM
perf0573@hw05.local,Perf0573!,573 Duong So 24 - Quan 7 - TP.HCM
perf0574@hw05.local,Perf0574!,574 Duong So 25 - Quan 10 - TP.HCM
perf0575@hw05.local,Perf0575!,575 Duong So 26 - Quan Binh Thanh - TP.HCM
perf0576@hw05.local,Perf0576!,576 Duong So 27 - Quan Phu Nhuan - TP.HCM
perf0577@hw05.local,Perf0577!,577 Duong So 28 - Quan Go Vap - TP.HCM
perf0578@hw05.local,Perf0578!,578 Duong So 29 - TP Thu Duc - TP.HCM
perf0579@hw05.local,Perf0579!,579 Duong So 30 - Quan Tan Binh - TP.HCM
perf0580@hw05.local,Perf0580!,580 Duong So 31 - Quan 1 - TP.HCM
perf0581@hw05.local,Perf0581!,581 Duong So 32 - Quan 3 - TP.HCM
perf0582@hw05.local,Perf0582!,582 Duong So 33 - Quan 5 - TP.HCM
perf0583@hw05.local,Perf0583!,583 Duong So 34 - Quan 7 - TP.HCM
perf0584@hw05.local,Perf0584!,584 Duong So 35 - Quan 10 - TP.HCM
perf0585@hw05.local,Perf0585!,585 Duong So 36 - Quan Binh Thanh - TP.HCM
perf0586@hw05.local,Perf0586!,586 Duong So 37 - Quan Phu Nhuan - TP.HCM
perf0587@hw05.local,Perf0587!,587 Duong So 38 - Quan Go Vap - TP.HCM
perf0588@hw05.local,Perf0588!,588 Duong So 39 - TP Thu Duc - TP.HCM
perf0589@hw05.local,Perf0589!,589 Duong So 40 - Quan Tan Binh - TP.HCM
perf0590@hw05.local,Perf0590!,590 Duong So 41 - Quan 1 - TP.HCM
perf0591@hw05.local,Perf0591!,591 Duong So 42 - Quan 3 - TP.HCM
perf0592@hw05.local,Perf0592!,592 Duong So 43 - Quan 5 - TP.HCM
perf0593@hw05.local,Perf0593!,593 Duong So 44 - Quan 7 - TP.HCM
perf0594@hw05.local,Perf0594!,594 Duong So 45 - Quan 10 - TP.HCM
perf0595@hw05.local,Perf0595!,595 Duong So 46 - Quan Binh Thanh - TP.HCM
perf0596@hw05.local,Perf0596!,596 Duong So 47 - Quan Phu Nhuan - TP.HCM
perf0597@hw05.local,Perf0597!,597 Duong So 48 - Quan Go Vap - TP.HCM
perf0598@hw05.local,Perf0598!,598 Duong So 49 - TP Thu Duc - TP.HCM
perf0599@hw05.local,Perf0599!,599 Duong So 50 - Quan Tan Binh - TP.HCM
perf0600@hw05.local,Perf0600!,600 Duong So 1 - Quan 1 - TP.HCM
perf0601@hw05.local,Perf0601!,601 Duong So 2 - Quan 3 - TP.HCM
perf0602@hw05.local,Perf0602!,602 Duong So 3 - Quan 5 - TP.HCM
perf0603@hw05.local,Perf0603!,603 Duong So 4 - Quan 7 - TP.HCM
perf0604@hw05.local,Perf0604!,604 Duong So 5 - Quan 10 - TP.HCM
perf0605@hw05.local,Perf0605!,605 Duong So 6 - Quan Binh Thanh - TP.HCM
perf0606@hw05.local,Perf0606!,606 Duong So 7 - Quan Phu Nhuan - TP.HCM
perf0607@hw05.local,Perf0607!,607 Duong So 8 - Quan Go Vap - TP.HCM
perf0608@hw05.local,Perf0608!,608 Duong So 9 - TP Thu Duc - TP.HCM
perf0609@hw05.local,Perf0609!,609 Duong So 10 - Quan Tan Binh - TP.HCM
perf0610@hw05.local,Perf0610!,610 Duong So 11 - Quan 1 - TP.HCM
perf0611@hw05.local,Perf0611!,611 Duong So 12 - Quan 3 - TP.HCM
perf0612@hw05.local,Perf0612!,612 Duong So 13 - Quan 5 - TP.HCM
perf0613@hw05.local,Perf0613!,613 Duong So 14 - Quan 7 - TP.HCM
perf0614@hw05.local,Perf0614!,614 Duong So 15 - Quan 10 - TP.HCM
perf0615@hw05.local,Perf0615!,615 Duong So 16 - Quan Binh Thanh - TP.HCM
perf0616@hw05.local,Perf0616!,616 Duong So 17 - Quan Phu Nhuan - TP.HCM
perf0617@hw05.local,Perf0617!,617 Duong So 18 - Quan Go Vap - TP.HCM
perf0618@hw05.local,Perf0618!,618 Duong So 19 - TP Thu Duc - TP.HCM
perf0619@hw05.local,Perf0619!,619 Duong So 20 - Quan Tan Binh - TP.HCM
perf0620@hw05.local,Perf0620!,620 Duong So 21 - Quan 1 - TP.HCM
perf0621@hw05.local,Perf0621!,621 Duong So 22 - Quan 3 - TP.HCM
perf0622@hw05.local,Perf0622!,622 Duong So 23 - Quan 5 - TP.HCM
perf0623@hw05.local,Perf0623!,623 Duong So 24 - Quan 7 - TP.HCM
perf0624@hw05.local,Perf0624!,624 Duong So 25 - Quan 10 - TP.HCM
perf0625@hw05.local,Perf0625!,625 Duong So 26 - Quan Binh Thanh - TP.HCM
perf0626@hw05.local,Perf0626!,626 Duong So 27 - Quan Phu Nhuan - TP.HCM
perf0627@hw05.local,Perf0627!,627 Duong So 28 - Quan Go Vap - TP.HCM
perf0628@hw05.local,Perf0628!,628 Duong So 29 - TP Thu Duc - TP.HCM
perf0629@hw05.local,Perf0629!,629 Duong So 30 - Quan Tan Binh - TP.HCM
perf0630@hw05.local,Perf0630!,630 Duong So 31 - Quan 1 - TP.HCM
perf0631@hw05.local,Perf0631!,631 Duong So 32 - Quan 3 - TP.HCM
perf0632@hw05.local,Perf0632!,632 Duong So 33 - Quan 5 - TP.HCM
perf0633@hw05.local,Perf0633!,633 Duong So 34 - Quan 7 - TP.HCM
perf0634@hw05.local,Perf0634!,634 Duong So 35 - Quan 10 - TP.HCM
perf0635@hw05.local,Perf0635!,635 Duong So 36 - Quan Binh Thanh - TP.HCM
perf0636@hw05.local,Perf0636!,636 Duong So 37 - Quan Phu Nhuan - TP.HCM
perf0637@hw05.local,Perf0637!,637 Duong So 38 - Quan Go Vap - TP.HCM
perf0638@hw05.local,Perf0638!,638 Duong So 39 - TP Thu Duc - TP.HCM
perf0639@hw05.local,Perf0639!,639 Duong So 40 - Quan Tan Binh - TP.HCM
perf0640@hw05.local,Perf0640!,640 Duong So 41 - Quan 1 - TP.HCM
perf0641@hw05.local,Perf0641!,641 Duong So 42 - Quan 3 - TP.HCM
perf0642@hw05.local,Perf0642!,642 Duong So 43 - Quan 5 - TP.HCM
perf0643@hw05.local,Perf0643!,643 Duong So 44 - Quan 7 - TP.HCM
perf0644@hw05.local,Perf0644!,644 Duong So 45 - Quan 10 - TP.HCM
perf0645@hw05.local,Perf0645!,645 Duong So 46 - Quan Binh Thanh - TP.HCM
perf0646@hw05.local,Perf0646!,646 Duong So 47 - Quan Phu Nhuan - TP.HCM
perf0647@hw05.local,Perf0647!,647 Duong So 48 - Quan Go Vap - TP.HCM
perf0648@hw05.local,Perf0648!,648 Duong So 49 - TP Thu Duc - TP.HCM
perf0649@hw05.local,Perf0649!,649 Duong So 50 - Quan Tan Binh - TP.HCM
perf0650@hw05.local,Perf0650!,650 Duong So 1 - Quan 1 - TP.HCM
perf0651@hw05.local,Perf0651!,651 Duong So 2 - Quan 3 - TP.HCM
perf0652@hw05.local,Perf0652!,652 Duong So 3 - Quan 5 - TP.HCM
perf0653@hw05.local,Perf0653!,653 Duong So 4 - Quan 7 - TP.HCM
perf0654@hw05.local,Perf0654!,654 Duong So 5 - Quan 10 - TP.HCM
perf0655@hw05.local,Perf0655!,655 Duong So 6 - Quan Binh Thanh - TP.HCM
perf0656@hw05.local,Perf0656!,656 Duong So 7 - Quan Phu Nhuan - TP.HCM
perf0657@hw05.local,Perf0657!,657 Duong So 8 - Quan Go Vap - TP.HCM
perf0658@hw05.local,Perf0658!,658 Duong So 9 - TP Thu Duc - TP.HCM
perf0659@hw05.local,Perf0659!,659 Duong So 10 - Quan Tan Binh - TP.HCM
perf0660@hw05.local,Perf0660!,660 Duong So 11 - Quan 1 - TP.HCM
perf0661@hw05.local,Perf0661!,661 Duong So 12 - Quan 3 - TP.HCM
perf0662@hw05.local,Perf0662!,662 Duong So 13 - Quan 5 - TP.HCM
perf0663@hw05.local,Perf0663!,663 Duong So 14 - Quan 7 - TP.HCM
perf0664@hw05.local,Perf0664!,664 Duong So 15 - Quan 10 - TP.HCM
perf0665@hw05.local,Perf0665!,665 Duong So 16 - Quan Binh Thanh - TP.HCM
perf0666@hw05.local,Perf0666!,666 Duong So 17 - Quan Phu Nhuan - TP.HCM
perf0667@hw05.local,Perf0667!,667 Duong So 18 - Quan Go Vap - TP.HCM
perf0668@hw05.local,Perf0668!,668 Duong So 19 - TP Thu Duc - TP.HCM
perf0669@hw05.local,Perf0669!,669 Duong So 20 - Quan Tan Binh - TP.HCM
perf0670@hw05.local,Perf0670!,670 Duong So 21 - Quan 1 - TP.HCM
perf0671@hw05.local,Perf0671!,671 Duong So 22 - Quan 3 - TP.HCM
perf0672@hw05.local,Perf0672!,672 Duong So 23 - Quan 5 - TP.HCM
perf0673@hw05.local,Perf0673!,673 Duong So 24 - Quan 7 - TP.HCM
perf0674@hw05.local,Perf0674!,674 Duong So 25 - Quan 10 - TP.HCM
perf0675@hw05.local,Perf0675!,675 Duong So 26 - Quan Binh Thanh - TP.HCM
perf0676@hw05.local,Perf0676!,676 Duong So 27 - Quan Phu Nhuan - TP.HCM
perf0677@hw05.local,Perf0677!,677 Duong So 28 - Quan Go Vap - TP.HCM
perf0678@hw05.local,Perf0678!,678 Duong So 29 - TP Thu Duc - TP.HCM
perf0679@hw05.local,Perf0679!,679 Duong So 30 - Quan Tan Binh - TP.HCM
perf0680@hw05.local,Perf0680!,680 Duong So 31 - Quan 1 - TP.HCM
perf0681@hw05.local,Perf0681!,681 Duong So 32 - Quan 3 - TP.HCM
perf0682@hw05.local,Perf0682!,682 Duong So 33 - Quan 5 - TP.HCM
perf0683@hw05.local,Perf0683!,683 Duong So 34 - Quan 7 - TP.HCM
perf0684@hw05.local,Perf0684!,684 Duong So 35 - Quan 10 - TP.HCM
perf0685@hw05.local,Perf0685!,685 Duong So 36 - Quan Binh Thanh - TP.HCM
perf0686@hw05.local,Perf0686!,686 Duong So 37 - Quan Phu Nhuan - TP.HCM
perf0687@hw05.local,Perf0687!,687 Duong So 38 - Quan Go Vap - TP.HCM
perf0688@hw05.local,Perf0688!,688 Duong So 39 - TP Thu Duc - TP.HCM
perf0689@hw05.local,Perf0689!,689 Duong So 40 - Quan Tan Binh - TP.HCM
perf0690@hw05.local,Perf0690!,690 Duong So 41 - Quan 1 - TP.HCM
perf0691@hw05.local,Perf0691!,691 Duong So 42 - Quan 3 - TP.HCM
perf0692@hw05.local,Perf0692!,692 Duong So 43 - Quan 5 - TP.HCM
perf0693@hw05.local,Perf0693!,693 Duong So 44 - Quan 7 - TP.HCM
perf0694@hw05.local,Perf0694!,694 Duong So 45 - Quan 10 - TP.HCM
perf0695@hw05.local,Perf0695!,695 Duong So 46 - Quan Binh Thanh - TP.HCM
perf0696@hw05.local,Perf0696!,696 Duong So 47 - Quan Phu Nhuan - TP.HCM
perf0697@hw05.local,Perf0697!,697 Duong So 48 - Quan Go Vap - TP.HCM
perf0698@hw05.local,Perf0698!,698 Duong So 49 - TP Thu Duc - TP.HCM
perf0699@hw05.local,Perf0699!,699 Duong So 50 - Quan Tan Binh - TP.HCM
perf0700@hw05.local,Perf0700!,700 Duong So 1 - Quan 1 - TP.HCM
perf0701@hw05.local,Perf0701!,701 Duong So 2 - Quan 3 - TP.HCM
perf0702@hw05.local,Perf0702!,702 Duong So 3 - Quan 5 - TP.HCM
perf0703@hw05.local,Perf0703!,703 Duong So 4 - Quan 7 - TP.HCM
perf0704@hw05.local,Perf0704!,704 Duong So 5 - Quan 10 - TP.HCM
perf0705@hw05.local,Perf0705!,705 Duong So 6 - Quan Binh Thanh - TP.HCM
perf0706@hw05.local,Perf0706!,706 Duong So 7 - Quan Phu Nhuan - TP.HCM
perf0707@hw05.local,Perf0707!,707 Duong So 8 - Quan Go Vap - TP.HCM
perf0708@hw05.local,Perf0708!,708 Duong So 9 - TP Thu Duc - TP.HCM
perf0709@hw05.local,Perf0709!,709 Duong So 10 - Quan Tan Binh - TP.HCM
perf0710@hw05.local,Perf0710!,710 Duong So 11 - Quan 1 - TP.HCM
perf0711@hw05.local,Perf0711!,711 Duong So 12 - Quan 3 - TP.HCM
perf0712@hw05.local,Perf0712!,712 Duong So 13 - Quan 5 - TP.HCM
perf0713@hw05.local,Perf0713!,713 Duong So 14 - Quan 7 - TP.HCM
perf0714@hw05.local,Perf0714!,714 Duong So 15 - Quan 10 - TP.HCM
perf0715@hw05.local,Perf0715!,715 Duong So 16 - Quan Binh Thanh - TP.HCM
perf0716@hw05.local,Perf0716!,716 Duong So 17 - Quan Phu Nhuan - TP.HCM
perf0717@hw05.local,Perf0717!,717 Duong So 18 - Quan Go Vap - TP.HCM
perf0718@hw05.local,Perf0718!,718 Duong So 19 - TP Thu Duc - TP.HCM
perf0719@hw05.local,Perf0719!,719 Duong So 20 - Quan Tan Binh - TP.HCM
perf0720@hw05.local,Perf0720!,720 Duong So 21 - Quan 1 - TP.HCM
perf0721@hw05.local,Perf0721!,721 Duong So 22 - Quan 3 - TP.HCM
perf0722@hw05.local,Perf0722!,722 Duong So 23 - Quan 5 - TP.HCM
perf0723@hw05.local,Perf0723!,723 Duong So 24 - Quan 7 - TP.HCM
perf0724@hw05.local,Perf0724!,724 Duong So 25 - Quan 10 - TP.HCM
perf0725@hw05.local,Perf0725!,725 Duong So 26 - Quan Binh Thanh - TP.HCM
perf0726@hw05.local,Perf0726!,726 Duong So 27 - Quan Phu Nhuan - TP.HCM
perf0727@hw05.local,Perf0727!,727 Duong So 28 - Quan Go Vap - TP.HCM
perf0728@hw05.local,Perf0728!,728 Duong So 29 - TP Thu Duc - TP.HCM
perf0729@hw05.local,Perf0729!,729 Duong So 30 - Quan Tan Binh - TP.HCM
perf0730@hw05.local,Perf0730!,730 Duong So 31 - Quan 1 - TP.HCM
perf0731@hw05.local,Perf0731!,731 Duong So 32 - Quan 3 - TP.HCM
perf0732@hw05.local,Perf0732!,732 Duong So 33 - Quan 5 - TP.HCM
perf0733@hw05.local,Perf0733!,733 Duong So 34 - Quan 7 - TP.HCM
perf0734@hw05.local,Perf0734!,734 Duong So 35 - Quan 10 - TP.HCM
perf0735@hw05.local,Perf0735!,735 Duong So 36 - Quan Binh Thanh - TP.HCM
perf0736@hw05.local,Perf0736!,736 Duong So 37 - Quan Phu Nhuan - TP.HCM
perf0737@hw05.local,Perf0737!,737 Duong So 38 - Quan Go Vap - TP.HCM
perf0738@hw05.local,Perf0738!,738 Duong So 39 - TP Thu Duc - TP.HCM
perf0739@hw05.local,Perf0739!,739 Duong So 40 - Quan Tan Binh - TP.HCM
perf0740@hw05.local,Perf0740!,740 Duong So 41 - Quan 1 - TP.HCM
perf0741@hw05.local,Perf0741!,741 Duong So 42 - Quan 3 - TP.HCM
perf0742@hw05.local,Perf0742!,742 Duong So 43 - Quan 5 - TP.HCM
perf0743@hw05.local,Perf0743!,743 Duong So 44 - Quan 7 - TP.HCM
perf0744@hw05.local,Perf0744!,744 Duong So 45 - Quan 10 - TP.HCM
perf0745@hw05.local,Perf0745!,745 Duong So 46 - Quan Binh Thanh - TP.HCM
perf0746@hw05.local,Perf0746!,746 Duong So 47 - Quan Phu Nhuan - TP.HCM
perf0747@hw05.local,Perf0747!,747 Duong So 48 - Quan Go Vap - TP.HCM
perf0748@hw05.local,Perf0748!,748 Duong So 49 - TP Thu Duc - TP.HCM
perf0749@hw05.local,Perf0749!,749 Duong So 50 - Quan Tan Binh - TP.HCM
perf0750@hw05.local,Perf0750!,750 Duong So 1 - Quan 1 - TP.HCM
perf0751@hw05.local,Perf0751!,751 Duong So 2 - Quan 3 - TP.HCM
perf0752@hw05.local,Perf0752!,752 Duong So 3 - Quan 5 - TP.HCM
perf0753@hw05.local,Perf0753!,753 Duong So 4 - Quan 7 - TP.HCM
perf0754@hw05.local,Perf0754!,754 Duong So 5 - Quan 10 - TP.HCM
perf0755@hw05.local,Perf0755!,755 Duong So 6 - Quan Binh Thanh - TP.HCM
perf0756@hw05.local,Perf0756!,756 Duong So 7 - Quan Phu Nhuan - TP.HCM
perf0757@hw05.local,Perf0757!,757 Duong So 8 - Quan Go Vap - TP.HCM
perf0758@hw05.local,Perf0758!,758 Duong So 9 - TP Thu Duc - TP.HCM
perf0759@hw05.local,Perf0759!,759 Duong So 10 - Quan Tan Binh - TP.HCM
perf0760@hw05.local,Perf0760!,760 Duong So 11 - Quan 1 - TP.HCM
perf0761@hw05.local,Perf0761!,761 Duong So 12 - Quan 3 - TP.HCM
perf0762@hw05.local,Perf0762!,762 Duong So 13 - Quan 5 - TP.HCM
perf0763@hw05.local,Perf0763!,763 Duong So 14 - Quan 7 - TP.HCM
perf0764@hw05.local,Perf0764!,764 Duong So 15 - Quan 10 - TP.HCM
perf0765@hw05.local,Perf0765!,765 Duong So 16 - Quan Binh Thanh - TP.HCM
perf0766@hw05.local,Perf0766!,766 Duong So 17 - Quan Phu Nhuan - TP.HCM
perf0767@hw05.local,Perf0767!,767 Duong So 18 - Quan Go Vap - TP.HCM
perf0768@hw05.local,Perf0768!,768 Duong So 19 - TP Thu Duc - TP.HCM
perf0769@hw05.local,Perf0769!,769 Duong So 20 - Quan Tan Binh - TP.HCM
perf0770@hw05.local,Perf0770!,770 Duong So 21 - Quan 1 - TP.HCM
perf0771@hw05.local,Perf0771!,771 Duong So 22 - Quan 3 - TP.HCM
perf0772@hw05.local,Perf0772!,772 Duong So 23 - Quan 5 - TP.HCM
perf0773@hw05.local,Perf0773!,773 Duong So 24 - Quan 7 - TP.HCM
perf0774@hw05.local,Perf0774!,774 Duong So 25 - Quan 10 - TP.HCM
perf0775@hw05.local,Perf0775!,775 Duong So 26 - Quan Binh Thanh - TP.HCM
perf0776@hw05.local,Perf0776!,776 Duong So 27 - Quan Phu Nhuan - TP.HCM
perf0777@hw05.local,Perf0777!,777 Duong So 28 - Quan Go Vap - TP.HCM
perf0778@hw05.local,Perf0778!,778 Duong So 29 - TP Thu Duc - TP.HCM
perf0779@hw05.local,Perf0779!,779 Duong So 30 - Quan Tan Binh - TP.HCM
perf0780@hw05.local,Perf0780!,780 Duong So 31 - Quan 1 - TP.HCM
perf0781@hw05.local,Perf0781!,781 Duong So 32 - Quan 3 - TP.HCM
perf0782@hw05.local,Perf0782!,782 Duong So 33 - Quan 5 - TP.HCM
perf0783@hw05.local,Perf0783!,783 Duong So 34 - Quan 7 - TP.HCM
perf0784@hw05.local,Perf0784!,784 Duong So 35 - Quan 10 - TP.HCM
perf0785@hw05.local,Perf0785!,785 Duong So 36 - Quan Binh Thanh - TP.HCM
perf0786@hw05.local,Perf0786!,786 Duong So 37 - Quan Phu Nhuan - TP.HCM
perf0787@hw05.local,Perf0787!,787 Duong So 38 - Quan Go Vap - TP.HCM
perf0788@hw05.local,Perf0788!,788 Duong So 39 - TP Thu Duc - TP.HCM
perf0789@hw05.local,Perf0789!,789 Duong So 40 - Quan Tan Binh - TP.HCM
perf0790@hw05.local,Perf0790!,790 Duong So 41 - Quan 1 - TP.HCM
perf0791@hw05.local,Perf0791!,791 Duong So 42 - Quan 3 - TP.HCM
perf0792@hw05.local,Perf0792!,792 Duong So 43 - Quan 5 - TP.HCM
perf0793@hw05.local,Perf0793!,793 Duong So 44 - Quan 7 - TP.HCM
perf0794@hw05.local,Perf0794!,794 Duong So 45 - Quan 10 - TP.HCM
perf0795@hw05.local,Perf0795!,795 Duong So 46 - Quan Binh Thanh - TP.HCM
perf0796@hw05.local,Perf0796!,796 Duong So 47 - Quan Phu Nhuan - TP.HCM
perf0797@hw05.local,Perf0797!,797 Duong So 48 - Quan Go Vap - TP.HCM
perf0798@hw05.local,Perf0798!,798 Duong So 49 - TP Thu Duc - TP.HCM
perf0799@hw05.local,Perf0799!,799 Duong So 50 - Quan Tan Binh - TP.HCM
perf0800@hw05.local,Perf0800!,800 Duong So 1 - Quan 1 - TP.HCM
perf0801@hw05.local,Perf0801!,801 Duong So 2 - Quan 3 - TP.HCM
perf0802@hw05.local,Perf0802!,802 Duong So 3 - Quan 5 - TP.HCM
perf0803@hw05.local,Perf0803!,803 Duong So 4 - Quan 7 - TP.HCM
perf0804@hw05.local,Perf0804!,804 Duong So 5 - Quan 10 - TP.HCM
perf0805@hw05.local,Perf0805!,805 Duong So 6 - Quan Binh Thanh - TP.HCM
perf0806@hw05.local,Perf0806!,806 Duong So 7 - Quan Phu Nhuan - TP.HCM
perf0807@hw05.local,Perf0807!,807 Duong So 8 - Quan Go Vap - TP.HCM
perf0808@hw05.local,Perf0808!,808 Duong So 9 - TP Thu Duc - TP.HCM
perf0809@hw05.local,Perf0809!,809 Duong So 10 - Quan Tan Binh - TP.HCM
perf0810@hw05.local,Perf0810!,810 Duong So 11 - Quan 1 - TP.HCM
perf0811@hw05.local,Perf0811!,811 Duong So 12 - Quan 3 - TP.HCM
perf0812@hw05.local,Perf0812!,812 Duong So 13 - Quan 5 - TP.HCM
perf0813@hw05.local,Perf0813!,813 Duong So 14 - Quan 7 - TP.HCM
perf0814@hw05.local,Perf0814!,814 Duong So 15 - Quan 10 - TP.HCM
perf0815@hw05.local,Perf0815!,815 Duong So 16 - Quan Binh Thanh - TP.HCM
perf0816@hw05.local,Perf0816!,816 Duong So 17 - Quan Phu Nhuan - TP.HCM
perf0817@hw05.local,Perf0817!,817 Duong So 18 - Quan Go Vap - TP.HCM
perf0818@hw05.local,Perf0818!,818 Duong So 19 - TP Thu Duc - TP.HCM
perf0819@hw05.local,Perf0819!,819 Duong So 20 - Quan Tan Binh - TP.HCM
perf0820@hw05.local,Perf0820!,820 Duong So 21 - Quan 1 - TP.HCM
perf0821@hw05.local,Perf0821!,821 Duong So 22 - Quan 3 - TP.HCM
perf0822@hw05.local,Perf0822!,822 Duong So 23 - Quan 5 - TP.HCM
perf0823@hw05.local,Perf0823!,823 Duong So 24 - Quan 7 - TP.HCM
perf0824@hw05.local,Perf0824!,824 Duong So 25 - Quan 10 - TP.HCM
perf0825@hw05.local,Perf0825!,825 Duong So 26 - Quan Binh Thanh - TP.HCM
perf0826@hw05.local,Perf0826!,826 Duong So 27 - Quan Phu Nhuan - TP.HCM
perf0827@hw05.local,Perf0827!,827 Duong So 28 - Quan Go Vap - TP.HCM
perf0828@hw05.local,Perf0828!,828 Duong So 29 - TP Thu Duc - TP.HCM
perf0829@hw05.local,Perf0829!,829 Duong So 30 - Quan Tan Binh - TP.HCM
perf0830@hw05.local,Perf0830!,830 Duong So 31 - Quan 1 - TP.HCM
perf0831@hw05.local,Perf0831!,831 Duong So 32 - Quan 3 - TP.HCM
perf0832@hw05.local,Perf0832!,832 Duong So 33 - Quan 5 - TP.HCM
perf0833@hw05.local,Perf0833!,833 Duong So 34 - Quan 7 - TP.HCM
perf0834@hw05.local,Perf0834!,834 Duong So 35 - Quan 10 - TP.HCM
perf0835@hw05.local,Perf0835!,835 Duong So 36 - Quan Binh Thanh - TP.HCM
perf0836@hw05.local,Perf0836!,836 Duong So 37 - Quan Phu Nhuan - TP.HCM
perf0837@hw05.local,Perf0837!,837 Duong So 38 - Quan Go Vap - TP.HCM
perf0838@hw05.local,Perf0838!,838 Duong So 39 - TP Thu Duc - TP.HCM
perf0839@hw05.local,Perf0839!,839 Duong So 40 - Quan Tan Binh - TP.HCM
perf0840@hw05.local,Perf0840!,840 Duong So 41 - Quan 1 - TP.HCM
perf0841@hw05.local,Perf0841!,841 Duong So 42 - Quan 3 - TP.HCM
perf0842@hw05.local,Perf0842!,842 Duong So 43 - Quan 5 - TP.HCM
perf0843@hw05.local,Perf0843!,843 Duong So 44 - Quan 7 - TP.HCM
perf0844@hw05.local,Perf0844!,844 Duong So 45 - Quan 10 - TP.HCM
perf0845@hw05.local,Perf0845!,845 Duong So 46 - Quan Binh Thanh - TP.HCM
perf0846@hw05.local,Perf0846!,846 Duong So 47 - Quan Phu Nhuan - TP.HCM
perf0847@hw05.local,Perf0847!,847 Duong So 48 - Quan Go Vap - TP.HCM
perf0848@hw05.local,Perf0848!,848 Duong So 49 - TP Thu Duc - TP.HCM
perf0849@hw05.local,Perf0849!,849 Duong So 50 - Quan Tan Binh - TP.HCM
perf0850@hw05.local,Perf0850!,850 Duong So 1 - Quan 1 - TP.HCM
perf0851@hw05.local,Perf0851!,851 Duong So 2 - Quan 3 - TP.HCM
perf0852@hw05.local,Perf0852!,852 Duong So 3 - Quan 5 - TP.HCM
perf0853@hw05.local,Perf0853!,853 Duong So 4 - Quan 7 - TP.HCM
perf0854@hw05.local,Perf0854!,854 Duong So 5 - Quan 10 - TP.HCM
perf0855@hw05.local,Perf0855!,855 Duong So 6 - Quan Binh Thanh - TP.HCM
perf0856@hw05.local,Perf0856!,856 Duong So 7 - Quan Phu Nhuan - TP.HCM
perf0857@hw05.local,Perf0857!,857 Duong So 8 - Quan Go Vap - TP.HCM
perf0858@hw05.local,Perf0858!,858 Duong So 9 - TP Thu Duc - TP.HCM
perf0859@hw05.local,Perf0859!,859 Duong So 10 - Quan Tan Binh - TP.HCM
perf0860@hw05.local,Perf0860!,860 Duong So 11 - Quan 1 - TP.HCM
perf0861@hw05.local,Perf0861!,861 Duong So 12 - Quan 3 - TP.HCM
perf0862@hw05.local,Perf0862!,862 Duong So 13 - Quan 5 - TP.HCM
perf0863@hw05.local,Perf0863!,863 Duong So 14 - Quan 7 - TP.HCM
perf0864@hw05.local,Perf0864!,864 Duong So 15 - Quan 10 - TP.HCM
perf0865@hw05.local,Perf0865!,865 Duong So 16 - Quan Binh Thanh - TP.HCM
perf0866@hw05.local,Perf0866!,866 Duong So 17 - Quan Phu Nhuan - TP.HCM
perf0867@hw05.local,Perf0867!,867 Duong So 18 - Quan Go Vap - TP.HCM
perf0868@hw05.local,Perf0868!,868 Duong So 19 - TP Thu Duc - TP.HCM
perf0869@hw05.local,Perf0869!,869 Duong So 20 - Quan Tan Binh - TP.HCM
perf0870@hw05.local,Perf0870!,870 Duong So 21 - Quan 1 - TP.HCM
perf0871@hw05.local,Perf0871!,871 Duong So 22 - Quan 3 - TP.HCM
perf0872@hw05.local,Perf0872!,872 Duong So 23 - Quan 5 - TP.HCM
perf0873@hw05.local,Perf0873!,873 Duong So 24 - Quan 7 - TP.HCM
perf0874@hw05.local,Perf0874!,874 Duong So 25 - Quan 10 - TP.HCM
perf0875@hw05.local,Perf0875!,875 Duong So 26 - Quan Binh Thanh - TP.HCM
perf0876@hw05.local,Perf0876!,876 Duong So 27 - Quan Phu Nhuan - TP.HCM
perf0877@hw05.local,Perf0877!,877 Duong So 28 - Quan Go Vap - TP.HCM
perf0878@hw05.local,Perf0878!,878 Duong So 29 - TP Thu Duc - TP.HCM
perf0879@hw05.local,Perf0879!,879 Duong So 30 - Quan Tan Binh - TP.HCM
perf0880@hw05.local,Perf0880!,880 Duong So 31 - Quan 1 - TP.HCM
perf0881@hw05.local,Perf0881!,881 Duong So 32 - Quan 3 - TP.HCM
perf0882@hw05.local,Perf0882!,882 Duong So 33 - Quan 5 - TP.HCM
perf0883@hw05.local,Perf0883!,883 Duong So 34 - Quan 7 - TP.HCM
perf0884@hw05.local,Perf0884!,884 Duong So 35 - Quan 10 - TP.HCM
perf0885@hw05.local,Perf0885!,885 Duong So 36 - Quan Binh Thanh - TP.HCM
perf0886@hw05.local,Perf0886!,886 Duong So 37 - Quan Phu Nhuan - TP.HCM
perf0887@hw05.local,Perf0887!,887 Duong So 38 - Quan Go Vap - TP.HCM
perf0888@hw05.local,Perf0888!,888 Duong So 39 - TP Thu Duc - TP.HCM
perf0889@hw05.local,Perf0889!,889 Duong So 40 - Quan Tan Binh - TP.HCM
perf0890@hw05.local,Perf0890!,890 Duong So 41 - Quan 1 - TP.HCM
perf0891@hw05.local,Perf0891!,891 Duong So 42 - Quan 3 - TP.HCM
perf0892@hw05.local,Perf0892!,892 Duong So 43 - Quan 5 - TP.HCM
perf0893@hw05.local,Perf0893!,893 Duong So 44 - Quan 7 - TP.HCM
perf0894@hw05.local,Perf0894!,894 Duong So 45 - Quan 10 - TP.HCM
perf0895@hw05.local,Perf0895!,895 Duong So 46 - Quan Binh Thanh - TP.HCM
perf0896@hw05.local,Perf0896!,896 Duong So 47 - Quan Phu Nhuan - TP.HCM
perf0897@hw05.local,Perf0897!,897 Duong So 48 - Quan Go Vap - TP.HCM
perf0898@hw05.local,Perf0898!,898 Duong So 49 - TP Thu Duc - TP.HCM
perf0899@hw05.local,Perf0899!,899 Duong So 50 - Quan Tan Binh - TP.HCM
perf0900@hw05.local,Perf0900!,900 Duong So 1 - Quan 1 - TP.HCM
perf0901@hw05.local,Perf0901!,901 Duong So 2 - Quan 3 - TP.HCM
perf0902@hw05.local,Perf0902!,902 Duong So 3 - Quan 5 - TP.HCM
perf0903@hw05.local,Perf0903!,903 Duong So 4 - Quan 7 - TP.HCM
perf0904@hw05.local,Perf0904!,904 Duong So 5 - Quan 10 - TP.HCM
perf0905@hw05.local,Perf0905!,905 Duong So 6 - Quan Binh Thanh - TP.HCM
perf0906@hw05.local,Perf0906!,906 Duong So 7 - Quan Phu Nhuan - TP.HCM
perf0907@hw05.local,Perf0907!,907 Duong So 8 - Quan Go Vap - TP.HCM
perf0908@hw05.local,Perf0908!,908 Duong So 9 - TP Thu Duc - TP.HCM
perf0909@hw05.local,Perf0909!,909 Duong So 10 - Quan Tan Binh - TP.HCM
perf0910@hw05.local,Perf0910!,910 Duong So 11 - Quan 1 - TP.HCM
perf0911@hw05.local,Perf0911!,911 Duong So 12 - Quan 3 - TP.HCM
perf0912@hw05.local,Perf0912!,912 Duong So 13 - Quan 5 - TP.HCM
perf0913@hw05.local,Perf0913!,913 Duong So 14 - Quan 7 - TP.HCM
perf0914@hw05.local,Perf0914!,914 Duong So 15 - Quan 10 - TP.HCM
perf0915@hw05.local,Perf0915!,915 Duong So 16 - Quan Binh Thanh - TP.HCM
perf0916@hw05.local,Perf0916!,916 Duong So 17 - Quan Phu Nhuan - TP.HCM
perf0917@hw05.local,Perf0917!,917 Duong So 18 - Quan Go Vap - TP.HCM
perf0918@hw05.local,Perf0918!,918 Duong So 19 - TP Thu Duc - TP.HCM
perf0919@hw05.local,Perf0919!,919 Duong So 20 - Quan Tan Binh - TP.HCM
perf0920@hw05.local,Perf0920!,920 Duong So 21 - Quan 1 - TP.HCM
perf0921@hw05.local,Perf0921!,921 Duong So 22 - Quan 3 - TP.HCM
perf0922@hw05.local,Perf0922!,922 Duong So 23 - Quan 5 - TP.HCM
perf0923@hw05.local,Perf0923!,923 Duong So 24 - Quan 7 - TP.HCM
perf0924@hw05.local,Perf0924!,924 Duong So 25 - Quan 10 - TP.HCM
perf0925@hw05.local,Perf0925!,925 Duong So 26 - Quan Binh Thanh - TP.HCM
perf0926@hw05.local,Perf0926!,926 Duong So 27 - Quan Phu Nhuan - TP.HCM
perf0927@hw05.local,Perf0927!,927 Duong So 28 - Quan Go Vap - TP.HCM
perf0928@hw05.local,Perf0928!,928 Duong So 29 - TP Thu Duc - TP.HCM
perf0929@hw05.local,Perf0929!,929 Duong So 30 - Quan Tan Binh - TP.HCM
perf0930@hw05.local,Perf0930!,930 Duong So 31 - Quan 1 - TP.HCM
perf0931@hw05.local,Perf0931!,931 Duong So 32 - Quan 3 - TP.HCM
perf0932@hw05.local,Perf0932!,932 Duong So 33 - Quan 5 - TP.HCM
perf0933@hw05.local,Perf0933!,933 Duong So 34 - Quan 7 - TP.HCM
perf0934@hw05.local,Perf0934!,934 Duong So 35 - Quan 10 - TP.HCM
perf0935@hw05.local,Perf0935!,935 Duong So 36 - Quan Binh Thanh - TP.HCM
perf0936@hw05.local,Perf0936!,936 Duong So 37 - Quan Phu Nhuan - TP.HCM
perf0937@hw05.local,Perf0937!,937 Duong So 38 - Quan Go Vap - TP.HCM
perf0938@hw05.local,Perf0938!,938 Duong So 39 - TP Thu Duc - TP.HCM
perf0939@hw05.local,Perf0939!,939 Duong So 40 - Quan Tan Binh - TP.HCM
perf0940@hw05.local,Perf0940!,940 Duong So 41 - Quan 1 - TP.HCM
perf0941@hw05.local,Perf0941!,941 Duong So 42 - Quan 3 - TP.HCM
perf0942@hw05.local,Perf0942!,942 Duong So 43 - Quan 5 - TP.HCM
perf0943@hw05.local,Perf0943!,943 Duong So 44 - Quan 7 - TP.HCM
perf0944@hw05.local,Perf0944!,944 Duong So 45 - Quan 10 - TP.HCM
perf0945@hw05.local,Perf0945!,945 Duong So 46 - Quan Binh Thanh - TP.HCM
perf0946@hw05.local,Perf0946!,946 Duong So 47 - Quan Phu Nhuan - TP.HCM
perf0947@hw05.local,Perf0947!,947 Duong So 48 - Quan Go Vap - TP.HCM
perf0948@hw05.local,Perf0948!,948 Duong So 49 - TP Thu Duc - TP.HCM
perf0949@hw05.local,Perf0949!,949 Duong So 50 - Quan Tan Binh - TP.HCM
perf0950@hw05.local,Perf0950!,950 Duong So 1 - Quan 1 - TP.HCM
perf0951@hw05.local,Perf0951!,951 Duong So 2 - Quan 3 - TP.HCM
perf0952@hw05.local,Perf0952!,952 Duong So 3 - Quan 5 - TP.HCM
perf0953@hw05.local,Perf0953!,953 Duong So 4 - Quan 7 - TP.HCM
perf0954@hw05.local,Perf0954!,954 Duong So 5 - Quan 10 - TP.HCM
perf0955@hw05.local,Perf0955!,955 Duong So 6 - Quan Binh Thanh - TP.HCM
perf0956@hw05.local,Perf0956!,956 Duong So 7 - Quan Phu Nhuan - TP.HCM
perf0957@hw05.local,Perf0957!,957 Duong So 8 - Quan Go Vap - TP.HCM
perf0958@hw05.local,Perf0958!,958 Duong So 9 - TP Thu Duc - TP.HCM
perf0959@hw05.local,Perf0959!,959 Duong So 10 - Quan Tan Binh - TP.HCM
perf0960@hw05.local,Perf0960!,960 Duong So 11 - Quan 1 - TP.HCM
perf0961@hw05.local,Perf0961!,961 Duong So 12 - Quan 3 - TP.HCM
perf0962@hw05.local,Perf0962!,962 Duong So 13 - Quan 5 - TP.HCM
perf0963@hw05.local,Perf0963!,963 Duong So 14 - Quan 7 - TP.HCM
perf0964@hw05.local,Perf0964!,964 Duong So 15 - Quan 10 - TP.HCM
perf0965@hw05.local,Perf0965!,965 Duong So 16 - Quan Binh Thanh - TP.HCM
perf0966@hw05.local,Perf0966!,966 Duong So 17 - Quan Phu Nhuan - TP.HCM
perf0967@hw05.local,Perf0967!,967 Duong So 18 - Quan Go Vap - TP.HCM
perf0968@hw05.local,Perf0968!,968 Duong So 19 - TP Thu Duc - TP.HCM
perf0969@hw05.local,Perf0969!,969 Duong So 20 - Quan Tan Binh - TP.HCM
perf0970@hw05.local,Perf0970!,970 Duong So 21 - Quan 1 - TP.HCM
perf0971@hw05.local,Perf0971!,971 Duong So 22 - Quan 3 - TP.HCM
perf0972@hw05.local,Perf0972!,972 Duong So 23 - Quan 5 - TP.HCM
perf0973@hw05.local,Perf0973!,973 Duong So 24 - Quan 7 - TP.HCM
perf0974@hw05.local,Perf0974!,974 Duong So 25 - Quan 10 - TP.HCM
perf0975@hw05.local,Perf0975!,975 Duong So 26 - Quan Binh Thanh - TP.HCM
perf0976@hw05.local,Perf0976!,976 Duong So 27 - Quan Phu Nhuan - TP.HCM
perf0977@hw05.local,Perf0977!,977 Duong So 28 - Quan Go Vap - TP.HCM
perf0978@hw05.local,Perf0978!,978 Duong So 29 - TP Thu Duc - TP.HCM
perf0979@hw05.local,Perf0979!,979 Duong So 30 - Quan Tan Binh - TP.HCM
perf0980@hw05.local,Perf0980!,980 Duong So 31 - Quan 1 - TP.HCM
perf0981@hw05.local,Perf0981!,981 Duong So 32 - Quan 3 - TP.HCM
perf0982@hw05.local,Perf0982!,982 Duong So 33 - Quan 5 - TP.HCM
perf0983@hw05.local,Perf0983!,983 Duong So 34 - Quan 7 - TP.HCM
perf0984@hw05.local,Perf0984!,984 Duong So 35 - Quan 10 - TP.HCM
perf0985@hw05.local,Perf0985!,985 Duong So 36 - Quan Binh Thanh - TP.HCM
perf0986@hw05.local,Perf0986!,986 Duong So 37 - Quan Phu Nhuan - TP.HCM
perf0987@hw05.local,Perf0987!,987 Duong So 38 - Quan Go Vap - TP.HCM
perf0988@hw05.local,Perf0988!,988 Duong So 39 - TP Thu Duc - TP.HCM
perf0989@hw05.local,Perf0989!,989 Duong So 40 - Quan Tan Binh - TP.HCM
perf0990@hw05.local,Perf0990!,990 Duong So 41 - Quan 1 - TP.HCM
perf0991@hw05.local,Perf0991!,991 Duong So 42 - Quan 3 - TP.HCM
perf0992@hw05.local,Perf0992!,992 Duong So 43 - Quan 5 - TP.HCM
perf0993@hw05.local,Perf0993!,993 Duong So 44 - Quan 7 - TP.HCM
perf0994@hw05.local,Perf0994!,994 Duong So 45 - Quan 10 - TP.HCM
perf0995@hw05.local,Perf0995!,995 Duong So 46 - Quan Binh Thanh - TP.HCM
perf0996@hw05.local,Perf0996!,996 Duong So 47 - Quan Phu Nhuan - TP.HCM
perf0997@hw05.local,Perf0997!,997 Duong So 48 - Quan Go Vap - TP.HCM
perf0998@hw05.local,Perf0998!,998 Duong So 49 - TP Thu Duc - TP.HCM
perf0999@hw05.local,Perf0999!,999 Duong So 50 - Quan Tan Binh - TP.HCM
perf1000@hw05.local,Perf1000!,1000 Duong So 1 - Quan 1 - TP.HCM
